"plant","variable","baseline","2011","2015","2020","2025","2030","2035","2040","2045","2050"
"unabated.solid.ultra","elec","iea2",736.8409103,817.7497837,895.7896014,981.3935965,900.7601369,807.481964,640.1752747,353.2276071,119.3243971
"unabated.solid.super","elec","iea2",1565.786934,1633.176415,1651.554311,1698.637926,1481.193562,1272.607121,973.4574686,520.9376712,171.3825899
"unabated.solid.sub","elec","iea2",6907.883534,6609.369701,5863.39213,5314.73011,4098.164288,3120.990949,2119.127829,1007.19762,294.2165281
"unabated.liquid.new.tech","elec","iea2",317.0831786,353.5000695,466.331913,513.6932661,410.2311428,360.0927934,323.6341898,160.3054778,59.74575904
"unabated.liquid.old.tech","elec","iea2",739.8607501,686.2060173,760.8573317,709.3859389,462.6010759,319.3275715,234.3557926,106.8703185,32.17079333
"unabated.gas.OC","elec","iea2",1691.110286,1663.529739,1651.617135,1538.39499,1526.662899,1516.747394,1225.846268,683.5247454,247.1301851
"unabated.gas.CC","elec","iea2",3140.633388,3089.412372,3676.180074,4159.364233,4345.117481,4316.896429,4103.920116,2734.098982,1165.042301
"CCS.solid.ultra","elec","iea2",0,43.19559294,175.2621188,274.4000042,1025.895332,1457.227326,1933.882694,2087.774994,2497.90515
"CCS.solid.super","elec","iea2",0,0,0,274.4000042,957.5023103,1275.07391,1450.412021,1491.267853,1427.374371
"CCS.solid.sub","elec","iea2",0,0,0,0,0,0,0,0,0
"CCS.liquid.new.tech","elec","iea2",0,0,0,0,0,0,0,0,0
"CCS.liquid.old.tech","elec","iea2",0,0,0,0,0,0,0,0,0
"CCS.gas.OC","elec","iea2",0,0,0,26.42750357,92.21718416,162.5327871,244.4564303,387.7853932,481.147203
"CCS.gas.CC","elec","iea2",0,0,0,0,0,0,0,0,0
"nuclear","elec","iea2",2264.32017,2581.573821,3172.536503,3830.61683,4321.721551,5113.627915,5684.1279,6400.73154,7166.036398
"concentrated.solar","elec","iea2",2.10384,10.5192,132.89256,261.05148,529.957296,731.189592,1063.280736,1748.852064,2210.574816
"geothermal","elec","iea2",73.1426274,92.78811,122.94315,158.44545,253.16208,465.64992,621.33408,918.72063,1153.43028
"onshore.wind","elec","iea2",429.9696702,734.50314,1077.639444,1355.92488,1925.40807,2330.607654,3150.76338,4346.53344,5406.34284
"offshore.wind","elec","iea2",10.422774,38.1321,87.195402,155.342286,322.76412,567.33552,842.93856,1434.81888,1754.9532
"hydro","elec","iea2",3656.2986,5088.663,5427.9072,5650.30062,5885.88687,6121.47312,6396.63786,6687.257058,6993.330714
"tidal","elec","iea2",0.55436184,1.05192,2.10384,8.41536,20.1618,36.3789,73.10844,117.81504,194.07924
"wave","elec","iea2",0,0.105192,1.472688,11.92176,37.6938,65.3067,101.6856,167.78124,208.28016
"solarpv","elec","iea2",61.090254,144.639,288.9992412,441.6302034,904.1392656,1394.926567,2162.417918,3730.130235,5153.789997
"unabated.solid.ultra","elec","iea4",736.8409103,818.0848544,998.9762442,1254.883555,1474.099192,1662.387372,1806.345137,1767.008689,1779.353672
"unabated.solid.super","elec","iea4",1565.786934,1633.845604,1841.79803,2172.006019,2423.981861,2619.954503,2746.748014,2605.97239,2555.640323
"unabated.solid.sub","elec","iea4",6907.883534,6612.077871,6538.80045,6795.813053,6706.669642,6425.277804,5979.419074,5038.470695,4387.327927
"unabated.liquid.new.tech","elec","iea4",317.0831786,353.6449152,588.8741696,715.5891838,853.1569704,1124.300066,1405.037131,1613.391733,1754.848101
"unabated.liquid.old.tech","elec","iea4",739.8607501,686.4871883,960.7946978,988.1945872,962.0706262,997.0208134,1017.440681,1075.594488,944.9182082
"unabated.gas.OC","elec","iea4",1691.110286,1664.211365,1668.748686,1622.181496,1738.796961,1917.270014,1865.307915,1716.81428,1635.43536
"unabated.gas.CC","elec","iea4",3140.633388,3090.67825,3714.311591,4385.898118,4948.883658,5456.845425,6244.726498,6867.257119,7709.909556
"CCS.solid.ultra","elec","iea4",0,43.19559294,94.07040241,60.47383012,149.0247957,199.7364218,253.3117557,264.0242628,345.3727631
"CCS.solid.super","elec","iea4",0,0,0,60.47383012,139.0898093,174.7693691,189.9838168,188.5887591,197.3558647
"CCS.solid.sub","elec","iea4",0,0,0,0,0,0,0,0,0
"CCS.liquid.new.tech","elec","iea4",0,0,0,0,0,0,0,0,0
"CCS.liquid.old.tech","elec","iea4",0,0,0,0,0,0,0,0,0
"CCS.gas.OC","elec","iea4",0,0,0,5.82424321,13.39575938,22.27773028,32.02039489,49.04012783,66.52580022
"CCS.gas.CC","elec","iea4",0,0,0,0,0,0,0,0,0
"nuclear","elec","iea4",2264.32017,2581.573821,2954.813409,3260.935352,3470.473367,3910.012093,4181.347452,4473.554761,4765.762071
"concentrated.solar","elec","iea4",2.10384,10.5192,88.5366,143.54325,241.9416,287.9631,351.0783,546.9984,680.2416
"geothermal","elec","iea4",73.1426274,92.78811,117.0261,140.6943,192.15072,326.79648,423.57312,612.48042,768.95352
"onshore.wind","elec","iea4",429.9696702,734.50314,969.028704,1162.581984,1496.776968,1662.454368,2246.90112,3153.65616,3917.35008
"offshore.wind","elec","iea4",10.422774,38.1321,75.755772,123.232428,235.63008,412.35264,617.1264,1054.72512,1276.3296
"hydro","elec","iea4",3656.2986,5088.663,5352.5196,5552.29674,5769.03609,5985.77544,6215.70762,6463.355886,6728.720238
"tidal","elec","iea4",0.55436184,1.05192,1.683072,4.90896,11.3958,17.9703,34.1874,44.18064,55.2258
"wave","elec","iea4",0,0.105192,0.6732288,6.381648,21.915,37.2555,53.4726,87.83532,106.24392
"solarpv","elec","iea4",61.090254,144.639,208.714077,251.6915835,423.029628,568.78191,772.512516,1386.310028,1990.221683
"unabated.solid.ultra","elec","iea6",736.8409103,818.0848544,1039.150147,1357.29862,1702.661023,2003.822962,2309.321518,2436.350464,2640.088976
"unabated.solid.super","elec","iea6",1565.786934,1633.845604,1915.866072,2349.270385,2799.824773,3158.063567,3511.579356,3593.113084,3791.8925
"unabated.solid.sub","elec","iea6",6907.883534,6612.077871,6801.758787,7350.441119,7746.551286,7744.957297,7644.386916,6947.040209,6509.631152
"unabated.liquid.new.tech","elec","iea6",317.0831786,353.6449152,623.2837552,784.7780356,988.3780541,1400.940263,1891.925126,2469.102195,2993.476615
"unabated.liquid.old.tech","elec","iea6",739.8607501,686.4871883,1016.936653,1083.741097,1114.553976,1242.343252,1370.014746,1646.06813,1611.872023
"unabated.gas.OC","elec","iea6",1691.110286,1664.211365,1708.872933,1711.139737,1905.21306,2148.44179,2154.707002,2068.55895,2030.142612
"unabated.gas.CC","elec","iea6",3140.633388,3090.67825,3803.620399,4626.414846,5422.529478,6114.795863,7213.58431,8274.235799,9570.672312
"CCS.solid.ultra","elec","iea6",0,43.19559294,89.59085944,40.31588675,43.19559294,43.5155603,40.95582146,31.3568008,26.87725783
"CCS.solid.super","elec","iea6",0,0,0,40.31588675,40.31588675,38.07611526,30.71686609,22.39771486,15.35843305
"CCS.solid.sub","elec","iea6",0,0,0,0,0,0,0,0,0
"CCS.liquid.new.tech","elec","iea6",0,0,0,0,0,0,0,0,0
"CCS.liquid.old.tech","elec","iea6",0,0,0,0,0,0,0,0,0
"CCS.gas.OC","elec","iea6",0,0,0,3.88282881,3.88282881,4.85353601,5.17710508,5.82424321,5.17710508
"CCS.gas.CC","elec","iea6",0,0,0,0,0,0,0,0,0
"nuclear","elec","iea6",2264.32017,2581.573821,2814.848564,2871.980413,2822.215134,3154.447479,3135.662723,3235.848086,3336.033449
"concentrated.solar","elec","iea6",2.10384,10.5192,66.97224,96.8643,128.33424,146.74284,140.43132,218.79936,272.09664
"geothermal","elec","iea6",73.1426274,92.78811,113.0814,128.8602,151.47648,234.22752,291.73248,408.32028,512.63568
"onshore.wind","elec","iea6",429.9696702,734.50314,865.2042,990.90864,1111.22199,1039.03398,1404.3132,1971.0351,2448.3438
"offshore.wind","elec","iea6",10.422774,38.1321,63.5535,91.12257,147.2688,257.7204,385.704,659.2032,797.706
"hydro","elec","iea6",3656.2986,5088.663,5303.51766,5488.21728,5674.80159,5861.3859,5960.520594,6164.067114,6384.575844
"tidal","elec","iea6",0.55436184,1.05192,1.367496,3.33108,6.79365,10.0809,18.4086,22.09032,27.6129
"wave","elec","iea6",0,0.105192,0.3892104,3.278484,12.05325,20.81925,31.1193,53.12196,63.64116
"solarpv","elec","iea6",61.090254,144.639,170.2690308,167.7365334,227.0674512,264.329964,309.0050064,554.524011,796.088673
"unabated.solid.ultra","elec","rcp6",736.8409103,816.290158,1028.921588,1305.744547,1557.490315,1733.45307,1945.50505,1890.525282,1829.226674
"unabated.solid.super","elec","rcp6",1565.786934,1630.26131,1897.007826,2260.038396,2561.108706,2731.955411,2958.356088,2788.133821,2627.271645
"unabated.solid.sub","elec","rcp6",6907.883534,6597.572442,6734.807739,7071.250401,7086.072005,6699.953166,6440.070487,5390.667454,4510.299104
"unabated.liquid.new.tech","elec","rcp6",317.0831786,352.8690968,590.4534455,728.749944,897.2036577,1109.557814,1382.24377,1411.587835,1335.679199
"unabated.liquid.old.tech","elec","rcp6",739.8607501,684.9811879,963.3714111,1006.36897,1011.740295,983.9474952,1000.935143,941.0585568,719.2118766
"unabated.gas.OC","elec","rcp6",1691.110286,1660.560456,1759.199968,1751.715704,1985.301711,2222.604803,2324.076076,2220.898194,2157.63563
"unabated.gas.CC","elec","rcp6",3140.633388,3083.897989,3915.638639,4736.120237,5650.4741,6325.875208,7780.602515,8883.592776,10171.71083
"CCS.solid.ultra","elec","rcp6",0,43.19559294,89.59085944,40.31588675,43.19559294,43.5155603,40.95582146,31.3568008,26.87725783
"CCS.solid.super","elec","rcp6",0,0,0,40.31588675,40.31588675,38.07611526,30.71686609,22.39771486,15.35843305
"CCS.solid.sub","elec","rcp6",0,0,0,0,0,0,0,0,0
"CCS.liquid.new.tech","elec","rcp6",0,0,0,0,0,0,0,0,0
"CCS.liquid.old.tech","elec","rcp6",0,0,0,0,0,0,0,0,0
"CCS.gas.OC","elec","rcp6",0,0,0,3.88282881,3.88282881,4.85353601,5.17710508,5.82424321,5.17710508
"CCS.gas.CC","elec","rcp6",0,0,0,0,0,0,0,0,0
"nuclear","elec","rcp6",2264.32017,2581.573821,2534.918872,2094.070534,1525.698669,1643.31825,1044.293265,760.4347362,476.5762071
"concentrated.solar","elec","rcp6",2.10384,10.5192,81.34848,127.9836,204.07248,240.88968,280.86264,437.59872,544.19328
"geothermal","elec","rcp6",73.1426274,92.78811,105.192,105.192,70.128,49.0896,28.0512,0,0
"onshore.wind","elec","rcp6",429.9696702,734.50314,899.812368,1048.133088,1239.740316,1246.840776,1685.17584,2365.24212,2938.01256
"offshore.wind","elec","rcp6",10.422774,38.1321,67.620924,101.825856,176.72256,309.26448,462.8448,791.04384,957.2472
"hydro","elec","rcp6",3656.2986,5088.663,5201.7444,5352.5196,5352.5196,5352.5196,4478.02344,4478.02344,4478.02344
"tidal","elec","rcp6",0.55436184,1.05192,1.05192,1.7532,2.1915,2.1915,2.6298,0,0
"wave","elec","rcp6",0,0.105192,0.105192,0.17532,2.1915,4.383,8.766,18.4086,21.0384
"solarpv","elec","rcp6",61.090254,144.639,195.8990616,223.7065668,357.7089024,467.297928,618.0100128,1109.048022,1592.177346
"unabated.solid.ultra","elec","rcp8",736.8409103,815.7314555,1237.41023,1742.045526,2309.149601,2951.38479,3628.601796,4229.65907,5057.172223
"unabated.solid.super","elec","rcp8",1565.786934,1629.145492,2266.315085,2983.832733,3749.247463,4586.96311,5437.545098,6145.466278,7155.56055
"unabated.solid.sub","elec","rcp8",6907.883534,6593.056793,7940.176408,9099.847732,9991.604591,10708.89207,11135.83638,11042.16489,11269.67911
"unabated.liquid.new.tech","elec","rcp8",317.0831786,352.6275787,982.0868466,1469.61058,2128.595862,3180.664234,4242.074817,5438.896088,6955.220192
"unabated.liquid.old.tech","elec","rcp8",739.8607501,684.5123587,1518.898298,1918.150093,2229.351607,2415.156023,2672.697982,3157.159178,3338.439813
"unabated.gas.OC","elec","rcp8",1691.110286,1659.4239,1550.61079,1510.025649,1578.214732,1655.38961,1450.74645,1128.268678,855.6604879
"unabated.gas.CC","elec","rcp8",3140.633388,3081.787243,3451.3595,4166.762506,4586.686566,4913.616778,5328.442569,5282.348809,5577.877015
"CCS.solid.ultra","elec","rcp8",0,43.19559294,90.71074518,45.35537259,69.65289362,82.57077567,94.04480502,89.5236663,106.5011342
"CCS.solid.super","elec","rcp8",0,0,0,45.35537259,65.00936738,72.24942871,70.53360377,63.94547593,60.85779095
"CCS.solid.sub","elec","rcp8",0,0,0,0,0,0,0,0,0
"CCS.liquid.new.tech","elec","rcp8",0,0,0,0,0,0,0,0,0
"CCS.liquid.old.tech","elec","rcp8",0,0,0,0,0,0,0,0,0
"CCS.gas.OC","elec","rcp8",0,0,0,4.36818241,6.26106145,9.20958458,11.88792753,16.62821436,20.51427886
"CCS.gas.CC","elec","rcp8",0,0,0,0,0,0,0,0,0
"nuclear","elec","rcp8",2264.32017,2581.573821,2861.503512,3001.632059,3038.301212,3406.30235,3484.224299,3648.416978,3812.609657
"concentrated.solar","elec","rcp8",2.10384,10.5192,117.28908,205.78185,393.41808,476.25678,631.94094,984.59712,1224.43488
"geothermal","elec","rcp8",73.1426274,92.78811,117.0261,140.6943,192.15072,326.79648,423.57312,612.48042,768.95352
"onshore.wind","elec","rcp8",429.9696702,734.50314,934.420536,1105.357536,1368.258642,1454.647572,1966.03848,2759.44914,3427.68132
"offshore.wind","elec","rcp8",10.422774,38.1321,71.688348,112.529142,206.17632,360.80856,539.9856,922.88448,1116.7884
"hydro","elec","rcp8",3656.2986,5088.663,5465.601,5699.30256,5944.31226,6189.32196,6487.10298,6799.207644,7125.635952
"tidal","elec","rcp8",0.55436184,1.05192,1.683072,4.90896,11.3958,17.9703,34.1874,44.18064,55.2258
"wave","elec","rcp8",0,0.105192,0.6732288,6.381648,21.915,37.2555,53.4726,87.83532,106.24392
"solarpv","elec","rcp8",61.090254,144.639,259.9741386,363.6316503,684.3125304,974.717838,1390.522529,2495.35805,3582.399029
