"scenario","type","year","energy"
"iea6","heavy.truck.domestic.ICE.liquid","2011",3986
"iea6","heavy.truck.domestic.ICE.liquid","2015",4483.9
"iea6","heavy.truck.domestic.ICE.liquid","2020",5444.2
"iea6","heavy.truck.domestic.ICE.liquid","2025",6220
"iea6","heavy.truck.domestic.ICE.liquid","2030",6682.2
"iea6","heavy.truck.domestic.ICE.liquid","2035",6914.5
"iea6","heavy.truck.domestic.ICE.liquid","2040",6975.7
"iea6","heavy.truck.domestic.ICE.liquid","2045",6912.1
"iea6","heavy.truck.domestic.ICE.liquid","2050",6811.1
"iea6","heavy.truck.domestic.ICE.gas","2011",0
"iea6","heavy.truck.domestic.ICE.gas","2015",47.3
"iea6","heavy.truck.domestic.ICE.gas","2020",90.3
"iea6","heavy.truck.domestic.ICE.gas","2025",141.4
"iea6","heavy.truck.domestic.ICE.gas","2030",193.8
"iea6","heavy.truck.domestic.ICE.gas","2035",245
"iea6","heavy.truck.domestic.ICE.gas","2040",292.9
"iea6","heavy.truck.domestic.ICE.gas","2045",336.6
"iea6","heavy.truck.domestic.ICE.gas","2050",378.4
"iea6","heavy.truck.domestic.PH","2011",0
"iea6","heavy.truck.domestic.PH","2015",42.3
"iea6","heavy.truck.domestic.PH","2020",80.7
"iea6","heavy.truck.domestic.PH","2025",126.3
"iea6","heavy.truck.domestic.PH","2030",173.2
"iea6","heavy.truck.domestic.PH","2035",218.9
"iea6","heavy.truck.domestic.PH","2040",261.8
"iea6","heavy.truck.domestic.PH","2045",300.8
"iea6","heavy.truck.domestic.PH","2050",338.2
"iea6","heavy.truck.domestic.EV","2011",0
"iea6","heavy.truck.domestic.EV","2015",5.8
"iea6","heavy.truck.domestic.EV","2020",6.2
"iea6","heavy.truck.domestic.EV","2025",6.1
"iea6","heavy.truck.domestic.EV","2030",5.4
"iea6","heavy.truck.domestic.EV","2035",4.4
"iea6","heavy.truck.domestic.EV","2040",3.1
"iea6","heavy.truck.domestic.EV","2045",1.6
"iea6","heavy.truck.domestic.EV","2050",0
"iea6","heavy.truck.domestic.H2","2011",0
"iea6","heavy.truck.domestic.H2","2015",20.5
"iea6","heavy.truck.domestic.H2","2020",21.9
"iea6","heavy.truck.domestic.H2","2025",21.4
"iea6","heavy.truck.domestic.H2","2030",18.4
"iea6","heavy.truck.domestic.H2","2035",14.5
"iea6","heavy.truck.domestic.H2","2040",10
"iea6","heavy.truck.domestic.H2","2045",5.1
"iea6","heavy.truck.domestic.H2","2050",0
"iea6","train.freight.domestic.fuel","2011",189
"iea6","train.freight.domestic.fuel","2015",205.3
"iea6","train.freight.domestic.fuel","2020",250.8
"iea6","train.freight.domestic.fuel","2025",288.4
"iea6","train.freight.domestic.fuel","2030",312
"iea6","train.freight.domestic.fuel","2035",325.3
"iea6","train.freight.domestic.fuel","2040",330.8
"iea6","train.freight.domestic.fuel","2045",330.6
"iea6","train.freight.domestic.fuel","2050",328.7
"iea6","train.freight.domestic.elec","2011",295.6
"iea6","train.freight.domestic.elec","2015",333.9
"iea6","train.freight.domestic.elec","2020",403.1
"iea6","train.freight.domestic.elec","2025",458.2
"iea6","train.freight.domestic.elec","2030",490
"iea6","train.freight.domestic.elec","2035",505
"iea6","train.freight.domestic.elec","2040",507.8
"iea6","train.freight.domestic.elec","2045",501.6
"iea6","train.freight.domestic.elec","2050",493.1
"iea6","ship.freight.domestic.fuel","2011",110.4
"iea6","ship.freight.domestic.fuel","2015",117.3
"iea6","ship.freight.domestic.fuel","2020",138.1
"iea6","ship.freight.domestic.fuel","2025",152.9
"iea6","ship.freight.domestic.fuel","2030",158.8
"iea6","ship.freight.domestic.fuel","2035",158.7
"iea6","ship.freight.domestic.fuel","2040",154.4
"iea6","ship.freight.domestic.fuel","2045",147.1
"iea6","ship.freight.domestic.fuel","2050",139.2
"iea6","ship.freight.domestic.H2","2011",0
"iea6","ship.freight.domestic.H2","2015",2.5
"iea6","ship.freight.domestic.H2","2020",2.5
"iea6","ship.freight.domestic.H2","2025",2.3
"iea6","ship.freight.domestic.H2","2030",1.9
"iea6","ship.freight.domestic.H2","2035",1.4
"iea6","ship.freight.domestic.H2","2040",0.9
"iea6","ship.freight.domestic.H2","2045",0.4
"iea6","ship.freight.domestic.H2","2050",0
"iea6","heavy.truck.international.ICE.liquid","2011",1602.2
"iea6","heavy.truck.international.ICE.liquid","2015",1813.9
"iea6","heavy.truck.international.ICE.liquid","2020",2155
"iea6","heavy.truck.international.ICE.liquid","2025",2410.5
"iea6","heavy.truck.international.ICE.liquid","2030",2631.3
"iea6","heavy.truck.international.ICE.liquid","2035",2668.4
"iea6","heavy.truck.international.ICE.liquid","2040",2639.4
"iea6","heavy.truck.international.ICE.liquid","2045",2578.2
"iea6","heavy.truck.international.ICE.liquid","2050",2493.1
"iea6","heavy.truck.international.ICE.gas","2011",0
"iea6","heavy.truck.international.ICE.gas","2015",19.1
"iea6","heavy.truck.international.ICE.gas","2020",35.6
"iea6","heavy.truck.international.ICE.gas","2025",54.7
"iea6","heavy.truck.international.ICE.gas","2030",76.2
"iea6","heavy.truck.international.ICE.gas","2035",94.4
"iea6","heavy.truck.international.ICE.gas","2040",110.7
"iea6","heavy.truck.international.ICE.gas","2045",125.5
"iea6","heavy.truck.international.ICE.gas","2050",138.5
"iea6","heavy.truck.international.PH","2011",0
"iea6","heavy.truck.international.PH","2015",17.1
"iea6","heavy.truck.international.PH","2020",31.8
"iea6","heavy.truck.international.PH","2025",48.8
"iea6","heavy.truck.international.PH","2030",68.1
"iea6","heavy.truck.international.PH","2035",84.4
"iea6","heavy.truck.international.PH","2040",98.9
"iea6","heavy.truck.international.PH","2045",112.1
"iea6","heavy.truck.international.PH","2050",123.8
"iea6","heavy.truck.international.EV","2011",0
"iea6","heavy.truck.international.EV","2015",0
"iea6","heavy.truck.international.EV","2020",0
"iea6","heavy.truck.international.EV","2025",0
"iea6","heavy.truck.international.EV","2030",0
"iea6","heavy.truck.international.EV","2035",0
"iea6","heavy.truck.international.EV","2040",0
"iea6","heavy.truck.international.EV","2045",0
"iea6","heavy.truck.international.EV","2050",0
"iea6","heavy.truck.international.H2","2011",0
"iea6","heavy.truck.international.H2","2015",7.9
"iea6","heavy.truck.international.H2","2020",8.1
"iea6","heavy.truck.international.H2","2025",7.6
"iea6","heavy.truck.international.H2","2030",6.7
"iea6","heavy.truck.international.H2","2035",5.2
"iea6","heavy.truck.international.H2","2040",3.5
"iea6","heavy.truck.international.H2","2045",1.7
"iea6","heavy.truck.international.H2","2050",0
"iea6","train.freight.international.fuel","2011",15.9
"iea6","train.freight.international.fuel","2015",17.5
"iea6","train.freight.international.fuel","2020",20.9
"iea6","train.freight.international.fuel","2025",23.6
"iea6","train.freight.international.fuel","2030",26
"iea6","train.freight.international.fuel","2035",26.5
"iea6","train.freight.international.fuel","2040",26.4
"iea6","train.freight.international.fuel","2045",26
"iea6","train.freight.international.fuel","2050",25.3
"iea6","train.freight.international.elec","2011",24.9
"iea6","train.freight.international.elec","2015",28.4
"iea6","train.freight.international.elec","2020",33.6
"iea6","train.freight.international.elec","2025",37.5
"iea6","train.freight.international.elec","2030",40.8
"iea6","train.freight.international.elec","2035",41.2
"iea6","train.freight.international.elec","2040",40.6
"iea6","train.freight.international.elec","2045",39.4
"iea6","train.freight.international.elec","2050",37.9
"iea6","ship.freight.international.fuel","2011",2528.1
"iea6","ship.freight.international.fuel","2015",2940.3
"iea6","ship.freight.international.fuel","2020",3599.8
"iea6","ship.freight.international.fuel","2025",4149.9
"iea6","ship.freight.international.fuel","2030",4669.3
"iea6","ship.freight.international.fuel","2035",4881.3
"iea6","ship.freight.international.fuel","2040",4978.1
"iea6","ship.freight.international.fuel","2045",5014.2
"iea6","ship.freight.international.fuel","2050",5000.5
"iea6","ship.freight.international.H2","2011",0
"iea6","ship.freight.international.H2","2015",0
"iea6","ship.freight.international.H2","2020",0
"iea6","ship.freight.international.H2","2025",0
"iea6","ship.freight.international.H2","2030",0
"iea6","ship.freight.international.H2","2035",0
"iea6","ship.freight.international.H2","2040",0
"iea6","ship.freight.international.H2","2045",0
"iea6","ship.freight.international.H2","2050",0
"iea4","heavy.truck.domestic.ICE.liquid","2011",3986
"iea4","heavy.truck.domestic.ICE.liquid","2015",4483.9
"iea4","heavy.truck.domestic.ICE.liquid","2020",5353.4
"iea4","heavy.truck.domestic.ICE.liquid","2025",6014
"iea4","heavy.truck.domestic.ICE.liquid","2030",6352.4
"iea4","heavy.truck.domestic.ICE.liquid","2035",6462.3
"iea4","heavy.truck.domestic.ICE.liquid","2040",6409.1
"iea4","heavy.truck.domestic.ICE.liquid","2045",6242.6
"iea4","heavy.truck.domestic.ICE.liquid","2050",6046.3
"iea4","heavy.truck.domestic.ICE.gas","2011",0
"iea4","heavy.truck.domestic.ICE.gas","2015",47.3
"iea4","heavy.truck.domestic.ICE.gas","2020",93
"iea4","heavy.truck.domestic.ICE.gas","2025",146.5
"iea4","heavy.truck.domestic.ICE.gas","2030",200.4
"iea4","heavy.truck.domestic.ICE.gas","2035",251.6
"iea4","heavy.truck.domestic.ICE.gas","2040",298.1
"iea4","heavy.truck.domestic.ICE.gas","2045",339.1
"iea4","heavy.truck.domestic.ICE.gas","2050",377
"iea4","heavy.truck.domestic.PH","2011",0
"iea4","heavy.truck.domestic.PH","2015",42.3
"iea4","heavy.truck.domestic.PH","2020",83.1
"iea4","heavy.truck.domestic.PH","2025",130.9
"iea4","heavy.truck.domestic.PH","2030",179.1
"iea4","heavy.truck.domestic.PH","2035",224.8
"iea4","heavy.truck.domestic.PH","2040",266.4
"iea4","heavy.truck.domestic.PH","2045",303.1
"iea4","heavy.truck.domestic.PH","2050",336.9
"iea4","heavy.truck.domestic.EV","2011",0
"iea4","heavy.truck.domestic.EV","2015",5.8
"iea4","heavy.truck.domestic.EV","2020",7.2
"iea4","heavy.truck.domestic.EV","2025",8.4
"iea4","heavy.truck.domestic.EV","2030",9.3
"iea4","heavy.truck.domestic.EV","2035",10
"iea4","heavy.truck.domestic.EV","2040",10.5
"iea4","heavy.truck.domestic.EV","2045",10.8
"iea4","heavy.truck.domestic.EV","2050",11.1
"iea4","heavy.truck.domestic.H2","2011",0
"iea4","heavy.truck.domestic.H2","2015",20.5
"iea4","heavy.truck.domestic.H2","2020",25.4
"iea4","heavy.truck.domestic.H2","2025",29.7
"iea4","heavy.truck.domestic.H2","2030",31.8
"iea4","heavy.truck.domestic.H2","2035",32.9
"iea4","heavy.truck.domestic.H2","2040",33.9
"iea4","heavy.truck.domestic.H2","2045",34.5
"iea4","heavy.truck.domestic.H2","2050",34.9
"iea4","train.freight.domestic.fuel","2011",189
"iea4","train.freight.domestic.fuel","2015",205.3
"iea4","train.freight.domestic.fuel","2020",244.9
"iea4","train.freight.domestic.fuel","2025",275
"iea4","train.freight.domestic.fuel","2030",290.5
"iea4","train.freight.domestic.fuel","2035",295.8
"iea4","train.freight.domestic.fuel","2040",293.7
"iea4","train.freight.domestic.fuel","2045",286.7
"iea4","train.freight.domestic.fuel","2050",278.4
"iea4","train.freight.domestic.elec","2011",295.6
"iea4","train.freight.domestic.elec","2015",333.9
"iea4","train.freight.domestic.elec","2020",396
"iea4","train.freight.domestic.elec","2025",442.2
"iea4","train.freight.domestic.elec","2030",464.6
"iea4","train.freight.domestic.elec","2035",470.4
"iea4","train.freight.domestic.elec","2040",464.6
"iea4","train.freight.domestic.elec","2045",450.9
"iea4","train.freight.domestic.elec","2050",435.4
"iea4","ship.freight.domestic.fuel","2011",110.4
"iea4","ship.freight.domestic.fuel","2015",117.3
"iea4","ship.freight.domestic.fuel","2020",135.3
"iea4","ship.freight.domestic.fuel","2025",146.6
"iea4","ship.freight.domestic.fuel","2030",149.2
"iea4","ship.freight.domestic.fuel","2035",146.1
"iea4","ship.freight.domestic.fuel","2040",139.1
"iea4","ship.freight.domestic.fuel","2045",129.9
"iea4","ship.freight.domestic.fuel","2050",120.3
"iea4","ship.freight.domestic.H2","2011",0
"iea4","ship.freight.domestic.H2","2015",2.5
"iea4","ship.freight.domestic.H2","2020",2.8
"iea4","ship.freight.domestic.H2","2025",3
"iea4","ship.freight.domestic.H2","2030",3.1
"iea4","ship.freight.domestic.H2","2035",3
"iea4","ship.freight.domestic.H2","2040",2.9
"iea4","ship.freight.domestic.H2","2045",2.7
"iea4","ship.freight.domestic.H2","2050",2.5
"iea4","heavy.truck.international.ICE.liquid","2011",1602.2
"iea4","heavy.truck.international.ICE.liquid","2015",1813.9
"iea4","heavy.truck.international.ICE.liquid","2020",2120.1
"iea4","heavy.truck.international.ICE.liquid","2025",2332.8
"iea4","heavy.truck.international.ICE.liquid","2030",2504.9
"iea4","heavy.truck.international.ICE.liquid","2035",2498.6
"iea4","heavy.truck.international.ICE.liquid","2040",2430.8
"iea4","heavy.truck.international.ICE.liquid","2045",2335.2
"iea4","heavy.truck.international.ICE.liquid","2050",2220.7
"iea4","heavy.truck.international.ICE.gas","2011",0
"iea4","heavy.truck.international.ICE.gas","2015",19.1
"iea4","heavy.truck.international.ICE.gas","2020",36.7
"iea4","heavy.truck.international.ICE.gas","2025",56.6
"iea4","heavy.truck.international.ICE.gas","2030",78.8
"iea4","heavy.truck.international.ICE.gas","2035",96.9
"iea4","heavy.truck.international.ICE.gas","2040",112.7
"iea4","heavy.truck.international.ICE.gas","2045",126.4
"iea4","heavy.truck.international.ICE.gas","2050",138
"iea4","heavy.truck.international.PH","2011",0
"iea4","heavy.truck.international.PH","2015",17.1
"iea4","heavy.truck.international.PH","2020",32.8
"iea4","heavy.truck.international.PH","2025",50.6
"iea4","heavy.truck.international.PH","2030",70.4
"iea4","heavy.truck.international.PH","2035",86.6
"iea4","heavy.truck.international.PH","2040",100.7
"iea4","heavy.truck.international.PH","2045",113
"iea4","heavy.truck.international.PH","2050",123.3
"iea4","heavy.truck.international.EV","2011",0
"iea4","heavy.truck.international.EV","2015",0
"iea4","heavy.truck.international.EV","2020",0
"iea4","heavy.truck.international.EV","2025",0
"iea4","heavy.truck.international.EV","2030",0
"iea4","heavy.truck.international.EV","2035",0
"iea4","heavy.truck.international.EV","2040",0
"iea4","heavy.truck.international.EV","2045",0
"iea4","heavy.truck.international.EV","2050",0
"iea4","heavy.truck.international.H2","2011",0
"iea4","heavy.truck.international.H2","2015",7.9
"iea4","heavy.truck.international.H2","2020",9.3
"iea4","heavy.truck.international.H2","2025",10.3
"iea4","heavy.truck.international.H2","2030",11.2
"iea4","heavy.truck.international.H2","2035",11.3
"iea4","heavy.truck.international.H2","2040",11.1
"iea4","heavy.truck.international.H2","2045",10.8
"iea4","heavy.truck.international.H2","2050",10.3
"iea4","train.freight.international.fuel","2011",15.9
"iea4","train.freight.international.fuel","2015",17.5
"iea4","train.freight.international.fuel","2020",20.4
"iea4","train.freight.international.fuel","2025",22.5
"iea4","train.freight.international.fuel","2030",24.2
"iea4","train.freight.international.fuel","2035",24.1
"iea4","train.freight.international.fuel","2040",23.5
"iea4","train.freight.international.fuel","2045",22.5
"iea4","train.freight.international.fuel","2050",21.4
"iea4","train.freight.international.elec","2011",24.9
"iea4","train.freight.international.elec","2015",28.4
"iea4","train.freight.international.elec","2020",33
"iea4","train.freight.international.elec","2025",36.2
"iea4","train.freight.international.elec","2030",38.7
"iea4","train.freight.international.elec","2035",38.4
"iea4","train.freight.international.elec","2040",37.1
"iea4","train.freight.international.elec","2045",35.4
"iea4","train.freight.international.elec","2050",33.5
"iea4","ship.freight.international.fuel","2011",2528.1
"iea4","ship.freight.international.fuel","2015",2940.3
"iea4","ship.freight.international.fuel","2020",3536
"iea4","ship.freight.international.fuel","2025",4004
"iea4","ship.freight.international.fuel","2030",4425.3
"iea4","ship.freight.international.fuel","2035",4544.1
"iea4","ship.freight.international.fuel","2040",4552.1
"iea4","ship.freight.international.fuel","2045",4503.7
"iea4","ship.freight.international.fuel","2050",4411.7
"iea4","ship.freight.international.H2","2011",0
"iea4","ship.freight.international.H2","2015",0
"iea4","ship.freight.international.H2","2020",0
"iea4","ship.freight.international.H2","2025",0
"iea4","ship.freight.international.H2","2030",0
"iea4","ship.freight.international.H2","2035",0
"iea4","ship.freight.international.H2","2040",0
"iea4","ship.freight.international.H2","2045",0
"iea4","ship.freight.international.H2","2050",0
"rcp8","heavy.truck.domestic.ICE.liquid","2011",3986.047805
"rcp8","heavy.truck.domestic.ICE.liquid","2015",4483.938193
"rcp8","heavy.truck.domestic.ICE.liquid","2020",5735.438289
"rcp8","heavy.truck.domestic.ICE.liquid","2025",6966.081554
"rcp8","heavy.truck.domestic.ICE.liquid","2030",8033.276223
"rcp8","heavy.truck.domestic.ICE.liquid","2035",8794.589425
"rcp8","heavy.truck.domestic.ICE.liquid","2040",9367.952573
"rcp8","heavy.truck.domestic.ICE.liquid","2045",9710.266522
"rcp8","heavy.truck.domestic.ICE.liquid","2050",10042.4936
"rcp8","heavy.truck.domestic.ICE.gas","2011",3.04845e-06
"rcp8","heavy.truck.domestic.ICE.gas","2015",47.34956267
"rcp8","heavy.truck.domestic.ICE.gas","2020",95.08907388
"rcp8","heavy.truck.domestic.ICE.gas","2025",158.3217157
"rcp8","heavy.truck.domestic.ICE.gas","2030",233.0364508
"rcp8","heavy.truck.domestic.ICE.gas","2035",311.5722702
"rcp8","heavy.truck.domestic.ICE.gas","2040",393.3468627
"rcp8","heavy.truck.domestic.ICE.gas","2045",472.8528863
"rcp8","heavy.truck.domestic.ICE.gas","2050",557.9163112
"rcp8","heavy.truck.domestic.PH","2011",0
"rcp8","heavy.truck.domestic.PH","2015",42.31394792
"rcp8","heavy.truck.domestic.PH","2020",84.97637599
"rcp8","heavy.truck.domestic.PH","2025",141.4842451
"rcp8","heavy.truck.domestic.PH","2030",208.2530905
"rcp8","heavy.truck.domestic.PH","2035",278.4366493
"rcp8","heavy.truck.domestic.PH","2040",351.514539
"rcp8","heavy.truck.domestic.PH","2045",422.5651214
"rcp8","heavy.truck.domestic.PH","2050",498.5820773
"rcp8","heavy.truck.domestic.EV","2011",0.024230096
"rcp8","heavy.truck.domestic.EV","2015",5.806543509
"rcp8","heavy.truck.domestic.EV","2020",6.43360403
"rcp8","heavy.truck.domestic.EV","2025",6.681246668
"rcp8","heavy.truck.domestic.EV","2030",6.325049196
"rcp8","heavy.truck.domestic.EV","2035",5.356559282
"rcp8","heavy.truck.domestic.EV","2040",3.923861209
"rcp8","heavy.truck.domestic.EV","2045",2.098036906
"rcp8","heavy.truck.domestic.EV","2050",0
"rcp8","heavy.truck.domestic.H2","2011",0
"rcp8","heavy.truck.domestic.H2","2015",20.52068785
"rcp8","heavy.truck.domestic.H2","2020",22.73675894
"rcp8","heavy.truck.domestic.H2","2025",23.25918178
"rcp8","heavy.truck.domestic.H2","2030",21.15066863
"rcp8","heavy.truck.domestic.H2","2035",17.55634359
"rcp8","heavy.truck.domestic.H2","2040",12.60520045
"rcp8","heavy.truck.domestic.H2","2045",6.739834652
"rcp8","heavy.truck.domestic.H2","2050",0
"rcp8","train.freight.domestic.fuel","2011",189.0130278
"rcp8","train.freight.domestic.fuel","2015",205.314272
"rcp8","train.freight.domestic.fuel","2020",248.8157582
"rcp8","train.freight.domestic.fuel","2025",286.9987265
"rcp8","train.freight.domestic.fuel","2030",314.9061259
"rcp8","train.freight.domestic.fuel","2035",328.4944927
"rcp8","train.freight.domestic.fuel","2040",333.7601142
"rcp8","train.freight.domestic.fuel","2045",330.2082633
"rcp8","train.freight.domestic.fuel","2050",326.0605515
"rcp8","train.freight.domestic.elec","2011",295.6357614
"rcp8","train.freight.domestic.elec","2015",333.8949272
"rcp8","train.freight.domestic.elec","2020",399.9588549
"rcp8","train.freight.domestic.elec","2025",456.0136238
"rcp8","train.freight.domestic.elec","2030",494.5983221
"rcp8","train.freight.domestic.elec","2035",510.0187986
"rcp8","train.freight.domestic.elec","2040",512.2613451
"rcp8","train.freight.domestic.elec","2045",501.0213899
"rcp8","train.freight.domestic.elec","2050",489.0908272
"rcp8","ship.freight.domestic.fuel","2011",110.3646731
"rcp8","ship.freight.domestic.fuel","2015",117.3057368
"rcp8","ship.freight.domestic.fuel","2020",137.1285917
"rcp8","ship.freight.domestic.fuel","2025",152.0431592
"rcp8","ship.freight.domestic.fuel","2030",159.7020097
"rcp8","ship.freight.domestic.fuel","2035",158.6893632
"rcp8","ship.freight.domestic.fuel","2040",152.6616523
"rcp8","ship.freight.domestic.fuel","2045",141.9491376
"rcp8","ship.freight.domestic.fuel","2050",130.5077027
"rcp8","ship.freight.domestic.H2","2011",0
"rcp8","ship.freight.domestic.H2","2015",2.456664646
"rcp8","ship.freight.domestic.H2","2020",2.454202983
"rcp8","ship.freight.domestic.H2","2025",2.26086482
"rcp8","ship.freight.domestic.H2","2030",1.894167647
"rcp8","ship.freight.domestic.H2","2035",1.407444463
"rcp8","ship.freight.domestic.H2","2040",0.899995002
"rcp8","ship.freight.domestic.H2","2045",0.417190706
"rcp8","ship.freight.domestic.H2","2050",0
"rcp8","heavy.truck.international.ICE.liquid","2011",1602.196776
"rcp8","heavy.truck.international.ICE.liquid","2015",1813.880446
"rcp8","heavy.truck.international.ICE.liquid","2020",2236.420623
"rcp8","heavy.truck.international.ICE.liquid","2025",2625.994034
"rcp8","heavy.truck.international.ICE.liquid","2030",3007.498541
"rcp8","heavy.truck.international.ICE.liquid","2035",3198.594993
"rcp8","heavy.truck.international.ICE.liquid","2040",3316.636561
"rcp8","heavy.truck.international.ICE.liquid","2045",3352.566378
"rcp8","heavy.truck.international.ICE.liquid","2050",3386.747796
"rcp8","heavy.truck.international.ICE.gas","2011",1.22533e-06
"rcp8","heavy.truck.international.ICE.gas","2015",19.09375596
"rcp8","heavy.truck.international.ICE.gas","2020",36.97663272
"rcp8","heavy.truck.international.ICE.gas","2025",59.54469202
"rcp8","heavy.truck.international.ICE.gas","2030",87.08144575
"rcp8","heavy.truck.international.ICE.gas","2035",113.1585765
"rcp8","heavy.truck.international.ICE.gas","2040",139.1279082
"rcp8","heavy.truck.international.ICE.gas","2045",163.1783708
"rcp8","heavy.truck.international.ICE.gas","2050",188.1526553
"rcp8","heavy.truck.international.PH","2011",0
"rcp8","heavy.truck.international.PH","2015",17.06313954
"rcp8","heavy.truck.international.PH","2020",33.04417759
"rcp8","heavy.truck.international.PH","2025",53.21213051
"rcp8","heavy.truck.international.PH","2030",77.82035875
"rcp8","heavy.truck.international.PH","2035",101.1241946
"rcp8","heavy.truck.international.PH","2040",124.3316959
"rcp8","heavy.truck.international.PH","2045",145.8243993
"rcp8","heavy.truck.international.PH","2050",168.1426764
"rcp8","heavy.truck.international.EV","2011",0.009739317
"rcp8","heavy.truck.international.EV","2015",0.010680047
"rcp8","heavy.truck.international.EV","2020",0.011411196
"rcp8","heavy.truck.international.EV","2025",0.011461466
"rcp8","heavy.truck.international.EV","2030",0.010780671
"rcp8","heavy.truck.international.EV","2035",0.008873495
"rcp8","heavy.truck.international.EV","2040",0.006330417
"rcp8","heavy.truck.international.EV","2045",0.003302401
"rcp8","heavy.truck.international.EV","2050",0
"rcp8","heavy.truck.international.H2","2011",0
"rcp8","heavy.truck.international.H2","2015",7.868633654
"rcp8","heavy.truck.international.H2","2020",8.407314927
"rcp8","heavy.truck.international.H2","2025",8.318193429
"rcp8","heavy.truck.international.H2","2030",7.707212299
"rcp8","heavy.truck.international.H2","2035",6.217763454
"rcp8","heavy.truck.international.H2","2040",4.347701992
"rcp8","heavy.truck.international.H2","2045",2.22302937
"rcp8","heavy.truck.international.H2","2050",0
"rcp8","train.freight.international.fuel","2011",15.90153845
"rcp8","train.freight.international.fuel","2015",17.45050846
"rcp8","train.freight.international.fuel","2020",20.69744478
"rcp8","train.freight.international.fuel","2025",23.31559299
"rcp8","train.freight.international.fuel","2030",25.53717803
"rcp8","train.freight.international.fuel","2035",25.87787543
"rcp8","train.freight.international.fuel","2040",25.45475975
"rcp8","train.freight.international.fuel","2045",24.28274594
"rcp8","train.freight.international.fuel","2050",23.00700027
"rcp8","train.freight.international.elec","2011",24.87163706
"rcp8","train.freight.international.elec","2015",28.37910972
"rcp8","train.freight.international.elec","2020",33.27010464
"rcp8","train.freight.international.elec","2025",37.04625516
"rcp8","train.freight.international.elec","2030",40.10924006
"rcp8","train.freight.international.elec","2035",40.17785147
"rcp8","train.freight.international.elec","2040",39.06844741
"rcp8","train.freight.international.elec","2045",36.84394509
"rcp8","train.freight.international.elec","2050",34.5105004
"rcp8","ship.freight.international.fuel","2011",2528.144454
"rcp8","ship.freight.international.fuel","2015",2940.332351
"rcp8","ship.freight.international.fuel","2020",3661.970316
"rcp8","ship.freight.international.fuel","2025",4346.636816
"rcp8","ship.freight.international.fuel","2030",5035.888476
"rcp8","ship.freight.international.fuel","2035",5421.79111
"rcp8","ship.freight.international.fuel","2040",5694.898082
"rcp8","ship.freight.international.fuel","2045",5835.155191
"rcp8","ship.freight.international.fuel","2050",5978.864421
"rcp8","ship.freight.international.H2","2011",0
"rcp8","ship.freight.international.H2","2015",0
"rcp8","ship.freight.international.H2","2020",0
"rcp8","ship.freight.international.H2","2025",0
"rcp8","ship.freight.international.H2","2030",0
"rcp8","ship.freight.international.H2","2035",0
"rcp8","ship.freight.international.H2","2040",0
"rcp8","ship.freight.international.H2","2045",0
"rcp8","ship.freight.international.H2","2050",0
"rcp6","heavy.truck.domestic.ICE.liquid","2011",3986.047805
"rcp6","heavy.truck.domestic.ICE.liquid","2015",4483.938193
"rcp6","heavy.truck.domestic.ICE.liquid","2020",5605.726279
"rcp6","heavy.truck.domestic.ICE.liquid","2025",6580.784834
"rcp6","heavy.truck.domestic.ICE.liquid","2030",7250.736662
"rcp6","heavy.truck.domestic.ICE.liquid","2035",7681.711837
"rcp6","heavy.truck.domestic.ICE.liquid","2040",7922.428222
"rcp6","heavy.truck.domestic.ICE.liquid","2045",8013.89118
"rcp6","heavy.truck.domestic.ICE.liquid","2050",8051.282206
"rcp6","heavy.truck.domestic.ICE.gas","2011",3.04845e-06
"rcp6","heavy.truck.domestic.ICE.gas","2015",47.34956267
"rcp6","heavy.truck.domestic.ICE.gas","2020",97.36526599
"rcp6","heavy.truck.domestic.ICE.gas","2025",160.3184336
"rcp6","heavy.truck.domestic.ICE.gas","2030",228.7278004
"rcp6","heavy.truck.domestic.ICE.gas","2035",299.036889
"rcp6","heavy.truck.domestic.ICE.gas","2040",368.542446
"rcp6","heavy.truck.domestic.ICE.gas","2045",435.3602419
"rcp6","heavy.truck.domestic.ICE.gas","2050",502.0640831
"rcp6","heavy.truck.domestic.PH","2011",0
"rcp6","heavy.truck.domestic.PH","2015",42.31394792
"rcp6","heavy.truck.domestic.PH","2020",87.01049581
"rcp6","heavy.truck.domestic.PH","2025",143.2686127
"rcp6","heavy.truck.domestic.PH","2030",204.4026641
"rcp6","heavy.truck.domestic.PH","2035",267.2344025
"rcp6","heavy.truck.domestic.PH","2040",329.3480648
"rcp6","heavy.truck.domestic.PH","2045",389.0598088
"rcp6","heavy.truck.domestic.PH","2050",448.6697171
"rcp6","heavy.truck.domestic.EV","2011",0.024230096
"rcp6","heavy.truck.domestic.EV","2015",5.806543509
"rcp6","heavy.truck.domestic.EV","2020",7.402645585
"rcp6","heavy.truck.domestic.EV","2025",8.957298994
"rcp6","heavy.truck.domestic.EV","2030",10.20477079
"rcp6","heavy.truck.domestic.EV","2035",11.22011053
"rcp6","heavy.truck.domestic.EV","2040",12.04745947
"rcp6","heavy.truck.domestic.EV","2045",12.68984704
"rcp6","heavy.truck.domestic.EV","2050",13.27803847
"rcp6","heavy.truck.domestic.H2","2011",0
"rcp6","heavy.truck.domestic.H2","2015",20.52068785
"rcp6","heavy.truck.domestic.H2","2020",26.17810325
"rcp6","heavy.truck.domestic.H2","2025",31.36384317
"rcp6","heavy.truck.domestic.H2","2030",34.39639494
"rcp6","heavy.truck.domestic.H2","2035",36.92384205
"rcp6","heavy.truck.domestic.H2","2040",38.88472365
"rcp6","heavy.truck.domestic.H2","2045",40.73972513
"rcp6","heavy.truck.domestic.H2","2050",42.40099992
"rcp6","train.freight.domestic.fuel","2011",189.0130278
"rcp6","train.freight.domestic.fuel","2015",205.314272
"rcp6","train.freight.domestic.fuel","2020",246.1536541
"rcp6","train.freight.domestic.fuel","2025",277.6701106
"rcp6","train.freight.domestic.fuel","2030",294.4764843
"rcp6","train.freight.domestic.fuel","2035",300.7281335
"rcp6","train.freight.domestic.fuel","2040",299.3318757
"rcp6","train.freight.domestic.fuel","2045",292.5203742
"rcp6","train.freight.domestic.fuel","2050",284.1512404
"rcp6","train.freight.domestic.elec","2011",295.6357614
"rcp6","train.freight.domestic.elec","2015",333.8949272
"rcp6","train.freight.domestic.elec","2020",398.079378
"rcp6","train.freight.domestic.elec","2025",446.5482919
"rcp6","train.freight.domestic.elec","2030",470.9436834
"rcp6","train.freight.domestic.elec","2035",478.271586
"rcp6","train.freight.domestic.elec","2040",473.4114062
"rcp6","train.freight.domestic.elec","2045",460.0765738
"rcp6","train.freight.domestic.elec","2050",444.4416838
"rcp6","ship.freight.domestic.fuel","2011",110.3646731
"rcp6","ship.freight.domestic.fuel","2015",117.3057368
"rcp6","ship.freight.domestic.fuel","2020",135.3787345
"rcp6","ship.freight.domestic.fuel","2025",146.4805398
"rcp6","ship.freight.domestic.fuel","2030",148.3942448
"rcp6","ship.freight.domestic.fuel","2035",144.0618686
"rcp6","ship.freight.domestic.fuel","2040",135.5280202
"rcp6","ship.freight.domestic.fuel","2045",124.3110046
"rcp6","ship.freight.domestic.fuel","2050",112.376536
"rcp6","ship.freight.domestic.H2","2011",0
"rcp6","ship.freight.domestic.H2","2015",2.456664646
"rcp6","ship.freight.domestic.H2","2020",2.824819903
"rcp6","ship.freight.domestic.H2","2025",3.04528792
"rcp6","ship.freight.domestic.H2","2030",3.073746041
"rcp6","ship.freight.domestic.H2","2035",2.973012991
"rcp6","ship.freight.domestic.H2","2040",2.786557424
"rcp6","ship.freight.domestic.H2","2045",2.546442528
"rcp6","ship.freight.domestic.H2","2050",2.293398694
"rcp6","heavy.truck.international.ICE.liquid","2011",1602.196776
"rcp6","heavy.truck.international.ICE.liquid","2015",1813.880446
"rcp6","heavy.truck.international.ICE.liquid","2020",2199.506215
"rcp6","heavy.truck.international.ICE.liquid","2025",2509.791529
"rcp6","heavy.truck.international.ICE.liquid","2030",2793.457384
"rcp6","heavy.truck.international.ICE.liquid","2035",2887.028021
"rcp6","heavy.truck.international.ICE.liquid","2040",2909.065556
"rcp6","heavy.truck.international.ICE.liquid","2045",2893.402759
"rcp6","heavy.truck.international.ICE.liquid","2050",2847.674702
"rcp6","heavy.truck.international.ICE.gas","2011",1.22533e-06
"rcp6","heavy.truck.international.ICE.gas","2015",19.09375596
"rcp6","heavy.truck.international.ICE.gas","2020",38.08118295
"rcp6","heavy.truck.international.ICE.gas","2025",60.94566892
"rcp6","heavy.truck.international.ICE.gas","2030",87.83432889
"rcp6","heavy.truck.international.ICE.gas","2035",112.0182459
"rcp6","heavy.truck.international.ICE.gas","2040",134.8773168
"rcp6","heavy.truck.international.ICE.gas","2045",156.658945
"rcp6","heavy.truck.international.ICE.gas","2050",176.974134
"rcp6","heavy.truck.international.PH","2011",0
"rcp6","heavy.truck.international.PH","2015",17.06313954
"rcp6","heavy.truck.international.PH","2020",34.03125926
"rcp6","heavy.truck.international.PH","2025",54.46411398
"rcp6","heavy.truck.international.PH","2030",78.49317306
"rcp6","heavy.truck.international.PH","2035",100.1051379
"rcp6","heavy.truck.international.PH","2040",120.5331537
"rcp6","heavy.truck.international.PH","2045",139.9983125
"rcp6","heavy.truck.international.PH","2050",158.1529874
"rcp6","heavy.truck.international.EV","2011",0.009739317
"rcp6","heavy.truck.international.EV","2015",0.010680047
"rcp6","heavy.truck.international.EV","2020",0.011367304
"rcp6","heavy.truck.international.EV","2025",0.01118814
"rcp6","heavy.truck.international.EV","2030",0.010344426
"rcp6","heavy.truck.international.EV","2035",0.008356694
"rcp6","heavy.truck.international.EV","2040",0.005869366
"rcp6","heavy.truck.international.EV","2045",0.003052442
"rcp6","heavy.truck.international.EV","2050",0
"rcp6","heavy.truck.international.H2","2011",0
"rcp6","heavy.truck.international.H2","2015",7.868633654
"rcp6","heavy.truck.international.H2","2020",9.633602416
"rcp6","heavy.truck.international.H2","2025",11.10056226
"rcp6","heavy.truck.international.H2","2030",12.47860843
"rcp6","heavy.truck.international.H2","2035",13.0276769
"rcp6","heavy.truck.international.H2","2040",13.26290513
"rcp6","heavy.truck.international.H2","2045",13.33038904
"rcp6","heavy.truck.international.H2","2050",13.26035326
"rcp6","train.freight.international.fuel","2011",15.90153845
"rcp6","train.freight.international.fuel","2015",17.45050846
"rcp6","train.freight.international.fuel","2020",20.51009551
"rcp6","train.freight.international.fuel","2025",22.64568022
"rcp6","train.freight.international.fuel","2030",24.34147433
"rcp6","train.freight.international.fuel","2035",24.24029907
"rcp6","train.freight.international.fuel","2040",23.47471256
"rcp6","train.freight.international.fuel","2045",22.37278142
"rcp6","train.freight.international.fuel","2050",21.02637885
"rcp6","train.freight.international.elec","2011",24.87163706
"rcp6","train.freight.international.elec","2015",28.37910972
"rcp6","train.freight.international.elec","2020",33.16890051
"rcp6","train.freight.international.elec","2025",36.41871932
"rcp6","train.freight.international.elec","2030",38.92828186
"rcp6","train.freight.international.elec","2035",38.55125274
"rcp6","train.freight.international.elec","2040",37.12667305
"rcp6","train.freight.international.elec","2045",35.1879511
"rcp6","train.freight.international.elec","2050",32.88741308
"rcp6","ship.freight.international.fuel","2011",2528.144454
"rcp6","ship.freight.international.fuel","2015",2940.332351
"rcp6","ship.freight.international.fuel","2020",3613.607752
"rcp6","ship.freight.international.fuel","2025",4181.713957
"rcp6","ship.freight.international.fuel","2030",4723.091543
"rcp6","ship.freight.international.fuel","2035",4956.376477
"rcp6","ship.freight.international.fuel","2040",5074.020321
"rcp6","ship.freight.international.fuel","2045",5130.326774
"rcp6","ship.freight.international.fuel","2050",5135.84711
"rcp6","ship.freight.international.H2","2011",0
"rcp6","ship.freight.international.H2","2015",0
"rcp6","ship.freight.international.H2","2020",0
"rcp6","ship.freight.international.H2","2025",0
"rcp6","ship.freight.international.H2","2030",0
"rcp6","ship.freight.international.H2","2035",0
"rcp6","ship.freight.international.H2","2040",0
"rcp6","ship.freight.international.H2","2045",0
"rcp6","ship.freight.international.H2","2050",0
