Baseline,Mitigation,Baseline 2050 GHG Emissions,Mitigation 2050 GHG Emissions,Difference in 2050 GHG Emissions
AIM/CGE 2.0|SSP1-Baseline,AIM/CGE 2.0|SSP1-26,61.80108556,19.42165602,42.37942954
AIM/CGE 2.0|SSP1-Baseline,AIM/CGE 2.0|SSP1-34,61.80108556,35.68552262,26.11556295
AIM/CGE 2.0|SSP1-Baseline,AIM/CGE 2.0|SSP1-45,61.80108556,53.25573812,8.545347437
AIM/CGE 2.0|SSP4-Baseline,AIM/CGE 2.0|SSP4-26,67.18818481,20.40627236,46.78191245
AIM/CGE 2.0|SSP4-Baseline,AIM/CGE 2.0|SSP4-34,67.18818481,35.88601488,31.30216993
AIM/CGE 2.0|SSP4-Baseline,AIM/CGE 2.0|SSP4-45,67.18818481,53.19411591,13.99406891
AIM/CGE 2.1|CD-LINKS_INDCi,AIM/CGE 2.1|CD-LINKS_INDC2030i_1600,58.83395675,24.56135006,34.27260669
AIM/CGE 2.1|CD-LINKS_INDCi,AIM/CGE 2.1|CD-LINKS_NDC2030i_1000,58.83395675,14.36075917,44.47319758
AIM/CGE 2.1|CD-LINKS_INDCi,AIM/CGE 2.1|CD-LINKS_NPi2020_1000,58.83395675,14.78842914,44.0455276
AIM/CGE 2.1|CD-LINKS_INDCi,AIM/CGE 2.1|CD-LINKS_NPi2020_1600,58.83395675,27.60404291,31.22991384
AIM/CGE 2.1|CD-LINKS_INDCi,AIM/CGE 2.1|CD-LINKS_NPi2020_400,58.83395675,0.263645741,58.57031101
AIM/CGE 2.1|CO_CurPol,AIM/CGE 2.1|CO_Bridge,67.37268306,15.41998884,51.95269422
AIM/CGE 2.2|EN_INDCi2100,AIM/CGE 2.2|EN_INDCi2030_800f,48.03346166,17.27421798,30.75924368
AIM/CGE 2.2|EN_INDCi2100,AIM/CGE 2.2|EN_INDCi2030_900f,48.03346166,22.29662691,25.73683475
AIM/CGE 2.2|EN_INDCi2100,AIM/CGE 2.2|EN_INDCi2030_1000f,48.03346166,25.49417409,22.53928757
AIM/CGE 2.2|EN_INDCi2100,AIM/CGE 2.2|EN_INDCi2030_1200,48.03346166,26.37920236,21.6542593
AIM/CGE 2.2|EN_INDCi2100,AIM/CGE 2.2|EN_INDCi2030_1200f,48.03346166,30.37051464,17.66294701
AIM/CGE 2.2|EN_INDCi2100,AIM/CGE 2.2|EN_INDCi2030_1400,48.03346166,32.16554273,15.86791892
AIM/CGE 2.2|EN_INDCi2100,AIM/CGE 2.2|EN_INDCi2030_1400f,48.03346166,34.51316865,13.52029301
AIM/CGE 2.2|EN_INDCi2100,AIM/CGE 2.2|EN_INDCi2030_1600,48.03346166,35.86523649,12.16822517
AIM/CGE 2.2|EN_INDCi2100,AIM/CGE 2.2|EN_INDCi2030_1600f,48.03346166,37.14440863,10.88905303
AIM/CGE 2.2|EN_INDCi2100,AIM/CGE 2.2|EN_INDCi2030_1800,48.03346166,39.18064037,8.852821285
AIM/CGE 2.2|EN_INDCi2100,AIM/CGE 2.2|EN_INDCi2030_1800f,48.03346166,39.18064037,8.852821285
AIM/CGE 2.2|EN_NPi2020_1800f,AIM/CGE 2.2|EN_NPi2020_300f,38.48750052,11.3864314,27.10106912
AIM/CGE 2.2|EN_NPi2020_1800f,AIM/CGE 2.2|EN_NPi2020_400f,38.48750052,15.16528138,23.32221914
AIM/CGE 2.2|EN_NPi2020_1800f,AIM/CGE 2.2|EN_NPi2020_500f,38.48750052,18.83663255,19.65086797
AIM/CGE 2.2|EN_NPi2020_1800,AIM/CGE 2.2|EN_NPi2020_600,38.48750052,7.29771655,31.18978397
AIM/CGE 2.2|EN_NPi2020_1800f,AIM/CGE 2.2|EN_NPi2020_600f,38.48750052,22.03418803,16.45331249
AIM/CGE 2.2|EN_NPi2020_1800,AIM/CGE 2.2|EN_NPi2020_700,38.48750052,12.70407862,25.7834219
AIM/CGE 2.2|EN_NPi2020_1800f,AIM/CGE 2.2|EN_NPi2020_700f,38.48750052,24.3717951,14.11570542
AIM/CGE 2.2|EN_NPi2020_1800,AIM/CGE 2.2|EN_NPi2020_800,38.48750052,17.58352565,20.90397487
AIM/CGE 2.2|EN_NPi2100,AIM/CGE 2.2|EN_NPi2020_800f,76.70501099,26.33651772,50.36849326
AIM/CGE 2.2|EN_NPi2100,AIM/CGE 2.2|EN_NPi2020_900,76.70501099,22.02906861,54.67594238
AIM/CGE 2.2|EN_NPi2100,AIM/CGE 2.2|EN_NPi2020_900f,76.70501099,28.23740102,48.46760997
AIM/CGE 2.2|EN_NPi2100,AIM/CGE 2.2|EN_NPi2020_1000,76.70501099,25.09368306,51.61132792
AIM/CGE 2.2|EN_NPi2100,AIM/CGE 2.2|EN_NPi2020_1000f,76.70501099,29.9793191,46.72569188
AIM/CGE 2.2|EN_NPi2100,AIM/CGE 2.2|EN_NPi2020_1200,76.70501099,29.40775134,47.29725965
AIM/CGE 2.2|EN_NPi2100,AIM/CGE 2.2|EN_NPi2020_1200f,76.70501099,32.52428906,44.18072192
AIM/CGE 2.2|EN_NPi2100,AIM/CGE 2.2|EN_NPi2020_1400,76.70501099,33.30665475,43.39835624
AIM/CGE 2.2|EN_NPi2100,AIM/CGE 2.2|EN_NPi2020_1400f,76.70501099,34.45356064,42.25145035
AIM/CGE 2.2|EN_NPi2100,AIM/CGE 2.2|EN_NPi2020_1600,76.70501099,36.6894611,40.01554989
AIM/CGE 2.2|EN_NPi2100,AIM/CGE 2.2|EN_NPi2020_1600f,76.70501099,36.6894611,40.01554989
AIM/CGE 2.2|EN_NPi2100,AIM/CGE 2.2|EN_NPi2020_1800,76.70501099,38.48750052,38.21751046
AIM/CGE 2.2|EN_NPi2100,AIM/CGE 2.2|EN_NPi2020_1800f,76.70501099,38.48750052,38.21751046
AIM/Hub-Global 2.0|2.5C,AIM/Hub-Global 2.0|1.5C,51.5534099,8.449108156,43.10430175
AIM/Hub-Global 2.0|Baseline,AIM/Hub-Global 2.0|2C,69.51962716,35.54050314,33.97912402
AIM/Hub-Global 2.0|2.5C,AIM/Hub-Global 2.0|WB2C,51.5534099,21.96132601,29.59208389
COFFEE 1.1|CO_CurPol,COFFEE 1.1|CO_2Deg2020,55.38190566,29.0096303,26.37227536
COFFEE 1.1|CO_CurPol,COFFEE 1.1|CO_2Deg2030,55.38190566,28.2229482,27.15895746
COFFEE 1.1|CO_CurPol,COFFEE 1.1|CO_Bridge,55.38190566,25.888382,29.49352366
COFFEE 1.1|CO_CurPol,COFFEE 1.1|CO_GPP,55.38190566,32.91013393,22.47177174
COFFEE 1.1|EN_INDCi2100,COFFEE 1.1|EN_INDCi2030_400f,52.99083605,22.85927526,30.1315608
COFFEE 1.1|EN_INDCi2100,COFFEE 1.1|EN_INDCi2030_500,52.99083605,9.352071465,43.63876459
COFFEE 1.1|EN_INDCi2100,COFFEE 1.1|EN_INDCi2030_500f,52.99083605,24.4360464,28.55478965
COFFEE 1.1|EN_INDCi2100,COFFEE 1.1|EN_INDCi2030_600,52.99083605,9.78221568,43.20862037
COFFEE 1.1|EN_INDCi2100,COFFEE 1.1|EN_INDCi2030_600_NDCp,52.99083605,12.04925061,40.94158544
COFFEE 1.1|EN_INDCi2100,COFFEE 1.1|EN_INDCi2030_600f,52.99083605,27.23970936,25.7511267
COFFEE 1.1|EN_INDCi2100,COFFEE 1.1|EN_INDCi2030_700,52.99083605,12.72849891,40.26233714
COFFEE 1.1|EN_INDCi2100,COFFEE 1.1|EN_INDCi2030_700f,52.99083605,30.30346663,22.68736942
COFFEE 1.1|EN_INDCi2100,COFFEE 1.1|EN_INDCi2030_800,52.99083605,16.65523362,36.33560243
COFFEE 1.1|EN_INDCi2100,COFFEE 1.1|EN_INDCi2030_800f,52.99083605,33.58061052,19.41022553
COFFEE 1.1|EN_INDCi2100,COFFEE 1.1|EN_INDCi2030_900,52.99083605,20.81202696,32.17880909
COFFEE 1.1|EN_INDCi2100,COFFEE 1.1|EN_INDCi2030_900f,52.99083605,35.5387124,17.45212365
COFFEE 1.1|EN_INDCi2100,COFFEE 1.1|EN_INDCi2030_1000,52.99083605,26.5921955,26.39864055
COFFEE 1.1|EN_INDCi2100,COFFEE 1.1|EN_INDCi2030_1000_NDCp,52.99083605,26.45592473,26.53491132
COFFEE 1.1|EN_INDCi2100,COFFEE 1.1|EN_INDCi2030_1000f,52.99083605,37.67220404,15.31863201
COFFEE 1.1|EN_INDCi2100,COFFEE 1.1|EN_INDCi2030_1200,52.99083605,32.34100344,20.64983261
COFFEE 1.1|EN_INDCi2100,COFFEE 1.1|EN_INDCi2030_1200f,52.99083605,39.48105134,13.50978471
COFFEE 1.1|EN_INDCi2100,COFFEE 1.1|EN_INDCi2030_1400,52.99083605,38.08847256,14.90236349
COFFEE 1.1|EN_INDCi2100,COFFEE 1.1|EN_INDCi2030_1400f,52.99083605,42.63630902,10.35452704
COFFEE 1.1|EN_INDCi2100,COFFEE 1.1|EN_INDCi2030_1600,52.99083605,40.98327101,12.00756504
COFFEE 1.1|EN_INDCi2100,COFFEE 1.1|EN_INDCi2030_1600f,52.99083605,42.94243311,10.04840294
COFFEE 1.1|EN_INDCi2100,COFFEE 1.1|EN_INDCi2030_1800,52.99083605,44.29597403,8.694862016
COFFEE 1.1|EN_INDCi2100,COFFEE 1.1|EN_INDCi2030_1800f,52.99083605,45.71960458,7.271231474
COFFEE 1.1|EN_INDCi2100,COFFEE 1.1|EN_INDCi2030_2000,52.99083605,47.18124036,5.809595686
COFFEE 1.1|EN_INDCi2100,COFFEE 1.1|EN_INDCi2030_2000f,52.99083605,47.95708102,5.033755033
COFFEE 1.1|EN_INDCi2100,COFFEE 1.1|EN_INDCi2030_2500,52.99083605,49.06578659,3.925049456
COFFEE 1.1|EN_INDCi2100,COFFEE 1.1|EN_INDCi2030_2500f,52.99083605,49.06578659,3.925049456
COFFEE 1.1|EN_NPi2100,COFFEE 1.1|EN_NPi2020_400,55.23442166,9.813739615,45.42068204
COFFEE 1.1|EN_NPi2100,COFFEE 1.1|EN_NPi2020_400_lowBECCS,55.23442166,10.21976616,45.0146555
COFFEE 1.1|EN_NPi2100,COFFEE 1.1|EN_NPi2020_400f,55.23442166,23.99980229,31.23461937
COFFEE 1.1|EN_NPi2100,COFFEE 1.1|EN_NPi2020_400f_lowBECCS,55.23442166,22.23770289,32.99671877
COFFEE 1.1|EN_NPi2100,COFFEE 1.1|EN_NPi2020_500,55.23442166,10.84105098,44.39337067
COFFEE 1.1|EN_NPi2100,COFFEE 1.1|EN_NPi2020_500f,55.23442166,25.60119096,29.6332307
COFFEE 1.1|EN_NPi2100,COFFEE 1.1|EN_NPi2020_600,55.23442166,14.1923991,41.04202256
COFFEE 1.1|EN_NPi2100,COFFEE 1.1|EN_NPi2020_600f,55.23442166,28.46570766,26.768714
COFFEE 1.1|EN_NPi2100,COFFEE 1.1|EN_NPi2020_700,55.23442166,17.87030165,37.36412001
COFFEE 1.1|EN_NPi2100,COFFEE 1.1|EN_NPi2020_700f,55.23442166,30.88718131,24.34724035
COFFEE 1.1|EN_NPi2100,COFFEE 1.1|EN_NPi2020_800,55.23442166,20.90355885,34.33086281
COFFEE 1.1|EN_NPi2100,COFFEE 1.1|EN_NPi2020_800f,55.23442166,33.54120814,21.69321352
COFFEE 1.1|EN_NPi2100,COFFEE 1.1|EN_NPi2020_900,55.23442166,24.31852406,30.9158976
COFFEE 1.1|EN_NPi2100,COFFEE 1.1|EN_NPi2020_900f,55.23442166,35.37105134,19.86337032
COFFEE 1.1|EN_NPi2100,COFFEE 1.1|EN_NPi2020_1000,55.23442166,27.86962365,27.36479801
COFFEE 1.1|EN_NPi2100,COFFEE 1.1|EN_NPi2020_1000f,55.23442166,38.2026538,17.03176786
COFFEE 1.1|EN_NPi2100,COFFEE 1.1|EN_NPi2020_1200,55.23442166,35.03394125,20.20048041
COFFEE 1.1|EN_NPi2100,COFFEE 1.1|EN_NPi2020_1200f,55.23442166,41.34215751,13.89226415
COFFEE 1.1|EN_NPi2100,COFFEE 1.1|EN_NPi2020_1400,55.23442166,38.8146771,16.41974456
COFFEE 1.1|EN_NPi2100,COFFEE 1.1|EN_NPi2020_1400f,55.23442166,44.24687515,10.98754651
COFFEE 1.1|EN_NPi2100,COFFEE 1.1|EN_NPi2020_1600,55.23442166,43.58833853,11.64608313
COFFEE 1.1|EN_NPi2100,COFFEE 1.1|EN_NPi2020_1600f,55.23442166,44.81101323,10.42340843
COFFEE 1.1|EN_NPi2100,COFFEE 1.1|EN_NPi2020_1800,55.23442166,47.05751281,8.176908851
COFFEE 1.1|EN_NPi2100,COFFEE 1.1|EN_NPi2020_1800f,55.23442166,48.25234111,6.982080553
COFFEE 1.1|EN_NPi2100,COFFEE 1.1|EN_NPi2020_2000,55.23442166,49.32128914,5.913132515
COFFEE 1.1|EN_NPi2100,COFFEE 1.1|EN_NPi2020_2000f,55.23442166,50.1570442,5.077377464
COFFEE 1.1|EN_NPi2100,COFFEE 1.1|EN_NPi2020_2500,55.23442166,50.85743524,4.376986423
COFFEE 1.1|EN_NPi2100,COFFEE 1.1|EN_NPi2020_2500f,55.23442166,50.85743524,4.376986423
C-ROADS-5.005|Reference,C-ROADS-5.005|Ratchet-1.5-allCDR,89.32333593,11.62707029,77.69626564
C-ROADS-5.005|Reference,C-ROADS-5.005|Ratchet-1.5-limCDR,89.32333593,8.356960498,80.96637543
C-ROADS-5.005|Reference,C-ROADS-5.005|Ratchet-1.5-limCDR-noOS,89.32333593,-3.202471636,92.52580756
C-ROADS-5.005|Reference,C-ROADS-5.005|Ratchet-1.5-noCDR,89.32333593,4.350990933,84.972345
C-ROADS-5.005|Reference,C-ROADS-5.005|Ratchet-1.5-noCDR-noOS,89.32333593,3.031653821,86.29168211
EPPA 6|ParisFlat,EPPA 6|2CNow_Gradual,53.81570437,31.31980333,22.49590103
EPPA 6|ParisFlat,EPPA 6|Paris1.5C_OptTax,53.81570437,17.38506122,36.43064315
EPPA 6|ParisFlat,EPPA 6|Paris2C_Gradual,53.81570437,33.21536156,20.60034281
EPPA 6|ParisFlat,EPPA 6|Paris2C_OptTax,53.81570437,31.10551445,22.71018991
GCAM 5.3|NGFS2_Current Policies,"GCAM 5.2|NGFS1_Immediate 2C with CDR (Orderly, Rep)",63.18016546,21.17498625,42.00517921
GCAM 5.3|NGFS2_Nationally Determined Contributions (NDCs),GCAM 5.3|NGFS2_Below 2°C,44.80277006,18.88232448,25.92044557
GCAM 5.3|NGFS2_Nationally Determined Contributions (NDCs),GCAM 5.3|NGFS2_Delayed Transition,44.80277006,17.53261832,27.27015174
GCAM 5.3|NGFS2_Nationally Determined Contributions (NDCs),GCAM 5.3|NGFS2_Divergent Net Zero Policies,44.80277006,1.348820404,43.45394965
GCAM 5.3|NGFS2_Nationally Determined Contributions (NDCs),GCAM 5.3|NGFS2_Net-Zero 2050,44.80277006,7.288539334,37.51423073
GCAM 5.3|R_MAC_99_n0,GCAM 5.3|R_MAC_30_n0,39.76460999,12.9858125,26.77879749
GCAM 5.3|R_MAC_99_n0,GCAM 5.3|R_MAC_35_n0,39.76460999,12.98218918,26.78242081
GCAM 5.3|R_MAC_99_n8,GCAM 5.3|R_MAC_35_n8,36.32126911,4.141283608,32.1799855
GCAM 5.3|R_MAC_99_n0,GCAM 5.3|R_MAC_40_n0,39.76460999,12.95979953,26.80481046
GCAM 5.3|R_MAC_99_n8,GCAM 5.3|R_MAC_40_n8,36.32126911,4.131865009,32.1894041
GCAM 5.3|R_MAC_99_n0,GCAM 5.3|R_MAC_45_n0,39.76460999,12.95943469,26.80517531
GCAM 5.3|R_MAC_99_n8,GCAM 5.3|R_MAC_45_n8,36.32126911,4.141913663,32.17935544
GCAM 5.3|R_MAC_99_n0,GCAM 5.3|R_MAC_50_n0,39.76460999,12.9364817,26.8281283
GCAM 5.3|R_MAC_99_n8,GCAM 5.3|R_MAC_50_n8,36.32126911,4.149310709,32.1719584
GCAM 5.3|R_MAC_99_n0,GCAM 5.3|R_MAC_55_n0,39.76460999,18.92620397,20.83840602
GCAM 5.3|R_MAC_99_n8,GCAM 5.3|R_MAC_55_n8,36.32126911,11.46265054,24.85861857
GCAM 5.3|R_MAC_99_n0,GCAM 5.3|R_MAC_60_n0,39.76460999,23.3576215,16.4069885
GCAM 5.3|R_MAC_99_n8,GCAM 5.3|R_MAC_60_n8,36.32126911,16.89011443,19.43115467
GCAM 5.3|R_BAU,GCAM 5.3|R_MAC_65_n0,78.30231201,26.74187002,51.56044198
GCAM 5.3|R_BAU,GCAM 5.3|R_MAC_65_n8,78.30231201,21.08022186,57.22209015
GCAM 5.3|R_BAU,GCAM 5.3|R_MAC_70_n0,78.30231201,29.48959504,48.81271697
GCAM 5.3|R_BAU,GCAM 5.3|R_MAC_70_n8,78.30231201,24.40185139,53.90046061
GCAM 5.3|R_BAU,GCAM 5.3|R_MAC_75_n0,78.30231201,31.87036682,46.43194519
GCAM 5.3|R_BAU,GCAM 5.3|R_MAC_75_n8,78.30231201,27.08784901,51.214463
GCAM 5.3|R_BAU,GCAM 5.3|R_MAC_80_n0,78.30231201,34.10858422,44.19372778
GCAM 5.3|R_BAU,GCAM 5.3|R_MAC_80_n8,78.30231201,29.34113508,48.96117693
GCAM 5.3|R_BAU,GCAM 5.3|R_MAC_85_n0,78.30231201,35.91582123,42.38649077
GCAM 5.3|R_BAU,GCAM 5.3|R_MAC_85_n8,78.30231201,31.27225065,47.03006136
GCAM 5.3|R_BAU,GCAM 5.3|R_MAC_90_n0,78.30231201,37.41918822,40.88312378
GCAM 5.3|R_BAU,GCAM 5.3|R_MAC_90_n8,78.30231201,33.2629938,45.0393182
GCAM 5.3|R_BAU,GCAM 5.3|R_MAC_95_n0,78.30231201,38.67699717,39.62531483
GCAM 5.3|R_BAU,GCAM 5.3|R_MAC_95_n8,78.30231201,34.90926492,43.39304709
GCAM 5.3|R_BAU,GCAM 5.3|R_MAC_99_n0,78.30231201,39.76460999,38.53770201
GCAM 5.3|R_BAU,GCAM 5.3|R_MAC_99_n8,78.30231201,36.32126911,41.9810429
GCAM 5.3|R_BAU,GCAM 5.3|SSP_SSP2,78.30231201,17.10643475,61.19587725
GCAM 5.3|R_BAU,GCAM 5.3|SSP_SSP3,78.30231201,16.51099385,61.79131815
GCAM 5.3|R_BAU,GCAM 5.3|SSP_SSP4,78.30231201,16.55684016,61.74547184
GCAM 5.3|R_BAU,GCAM 5.3|SSP_SSP5,78.30231201,18.63490079,59.66741122
GCAM-PR 5.3|PR_baseline,GCAM-PR 5.3|PR_CP_PriceOnly,70.85038802,58.844878,12.00551002
GCAM-PR 5.3|PR_baseline,GCAM-PR 5.3|PR_NDC_PriceOnly,70.85038802,50.88041925,19.96996877
GEM-E3_V2021|EN_INDCi2100,GEM-E3_V2021|EN_INDCi2030_600f,55.44084428,8.648362518,46.79248177
GEM-E3_V2021|EN_INDCi2100_COV,GEM-E3_V2021|EN_INDCi2030_600f_COV,51.97508469,8.876769834,43.09831485
GEM-E3_V2021|EN_INDCi2100_COV_NDCp,GEM-E3_V2021|EN_INDCi2030_600f_COV_NDCp,49.04761549,9.280094117,39.76752137
GEM-E3_V2021|EN_INDCi2100_NDCp,GEM-E3_V2021|EN_INDCi2030_600f_NDCp,50.86362812,9.249696828,41.61393129
GEM-E3_V2021|EN_INDCi2100,GEM-E3_V2021|EN_INDCi2030_800,55.44084428,6.593055495,48.84778879
GEM-E3_V2021|EN_INDCi2100,GEM-E3_V2021|EN_INDCi2030_800f,55.44084428,14.01278393,41.42806036
GEM-E3_V2021|EN_INDCi2100,GEM-E3_V2021|EN_INDCi2030_1000,55.44084428,16.89906022,38.54178406
GEM-E3_V2021|EN_INDCi2100_COV,GEM-E3_V2021|EN_INDCi2030_1000_COV,51.97508469,17.58732122,34.38776346
GEM-E3_V2021|EN_INDCi2100_COV_NDCp,GEM-E3_V2021|EN_INDCi2030_1000_COV_NDCp,49.04761549,18.74201597,30.30559952
GEM-E3_V2021|EN_INDCi2100_NDCp,GEM-E3_V2021|EN_INDCi2030_1000_NDCp,50.86362812,17.2812369,33.58239122
GEM-E3_V2021|EN_INDCi2100,GEM-E3_V2021|EN_INDCi2030_1000f,55.44084428,22.0803347,33.36050959
GEM-E3_V2021|EN_INDCi2100_COV,GEM-E3_V2021|EN_INDCi2030_1000f_COV,51.97508469,21.51886146,30.45622323
GEM-E3_V2021|EN_INDCi2100_COV_NDCp,GEM-E3_V2021|EN_INDCi2030_1000f_COV_NDCp,49.04761549,21.94016595,27.10744954
GEM-E3_V2021|EN_INDCi2100_NDCp,GEM-E3_V2021|EN_INDCi2030_1000f_NDCp,50.86362812,22.52239054,28.34123758
GEM-E3_V2021|EN_INDCi2100,GEM-E3_V2021|EN_INDCi2030_1400,55.44084428,29.40570157,26.03514271
GEM-E3_V2021|EN_INDCi2100,GEM-E3_V2021|EN_INDCi2030_1400f,55.44084428,29.40554394,26.03530034
GEM-E3_V2021|EN_INDCi2100,GEM-E3_V2021|EN_INDCi2030_1800,55.44084428,34.73757313,20.70327115
GEM-E3_V2021|EN_INDCi2100,GEM-E3_V2021|EN_INDCi2030_1800f,55.44084428,34.73757313,20.70327115
GEM-E3_V2021|EN_NPi2100,GEM-E3_V2021|EN_NPi2020_400f,64.29375155,8.922326189,55.37142536
GEM-E3_V2021|EN_NPi2100,GEM-E3_V2021|EN_NPi2020_500,64.29375155,5.26429519,59.02945636
GEM-E3_V2021|EN_NPi2100,GEM-E3_V2021|EN_NPi2020_500f,64.29375155,11.92086687,52.37288468
GEM-E3_V2021|EN_NPi2100,GEM-E3_V2021|EN_NPi2020_600,64.29375155,6.443436197,57.85031535
GEM-E3_V2021|EN_NPi2100_COV,GEM-E3_V2021|EN_NPi2020_600_COV,59.93869468,6.221307663,53.71738702
GEM-E3_V2021|EN_NPi2100,GEM-E3_V2021|EN_NPi2020_600f,64.29375155,14.85729092,49.43646063
GEM-E3_V2021|EN_NPi2100_COV,GEM-E3_V2021|EN_NPi2020_600f_COV,59.93869468,15.33941385,44.59928084
GEM-E3_V2021|EN_NPi2100,GEM-E3_V2021|EN_NPi2020_800,64.29375155,13.73803153,50.55572001
GEM-E3_V2021|EN_NPi2100,GEM-E3_V2021|EN_NPi2020_800f,64.29375155,20.86414786,43.42960369
GEM-E3_V2021|EN_NPi2100,GEM-E3_V2021|EN_NPi2020_1000,64.29375155,21.35015974,42.94359181
GEM-E3_V2021|EN_NPi2100_COV,GEM-E3_V2021|EN_NPi2020_1000_COV,59.93869468,21.73122489,38.2074698
GEM-E3_V2021|EN_NPi2100,GEM-E3_V2021|EN_NPi2020_1000f,64.29375155,24.47389937,39.81985218
GEM-E3_V2021|EN_NPi2100_COV,GEM-E3_V2021|EN_NPi2020_1000f_COV,59.93869468,23.3164739,36.62222079
GEM-E3_V2021|EN_NPi2100,GEM-E3_V2021|EN_NPi2020_1400,64.29375155,30.12482593,34.16892562
GEM-E3_V2021|EN_NPi2100,GEM-E3_V2021|EN_NPi2020_1400f,64.29375155,29.95304331,34.34070824
GEM-E3_V2021|EN_NPi2100,GEM-E3_V2021|EN_NPi2020_1800,64.29375155,34.67160261,29.62214893
GEM-E3_V2021|EN_NPi2100,GEM-E3_V2021|EN_NPi2020_1800f,64.29375155,34.67160261,29.62214893
IMAGE 3.0|CO_CurPol,IMAGE 3.0|CO_2Deg2020,68.85287712,20.65704062,48.19583651
IMAGE 3.0|CO_CurPol,IMAGE 3.0|CO_2Deg2030,68.85287712,20.21538353,48.6374936
IMAGE 3.0|CO_CurPol,IMAGE 3.0|CO_Bridge,68.85287712,16.59132347,52.26155365
IMAGE 3.0|CO_CurPol,IMAGE 3.0|CO_GPP,68.85287712,34.88133426,33.97154286
IMAGE 3.0|CO_BAU,IMAGE 3.0|CO_NDCplus,75.56267646,57.14036457,18.42231189
IMAGE 3.0|EN_INDCi2100,IMAGE 3.0|EN_INDCi2030_800f,56.06228339,16.81242637,39.24985701
IMAGE 3.0|EN_INDCi2100,IMAGE 3.0|EN_INDCi2030_1000,56.06228339,18.11194606,37.95033732
IMAGE 3.0|EN_INDCi2100,IMAGE 3.0|EN_INDCi2030_1000f,56.06228339,21.1516609,34.91062249
IMAGE 3.0|EN_INDCi2100,IMAGE 3.0|EN_INDCi2030_1200,56.06228339,20.34406404,35.71821935
IMAGE 3.0|EN_INDCi2100,IMAGE 3.0|EN_INDCi2030_1200f,56.06228339,24.99683214,31.06545125
IMAGE 3.0|EN_INDCi2100,IMAGE 3.0|EN_INDCi2030_1400,56.06228339,29.0533394,27.00894399
IMAGE 3.0|EN_INDCi2100,IMAGE 3.0|EN_INDCi2030_1400f,56.06228339,28.83108593,27.23119745
IMAGE 3.0|EN_NPi2100,IMAGE 3.0|EN_NPi2020_600f,67.33565537,17.05847541,50.27717996
IMAGE 3.0|EN_NPi2100,IMAGE 3.0|EN_NPi2020_800,67.33565537,13.59136451,53.74429086
IMAGE 3.0|EN_NPi2100,IMAGE 3.0|EN_NPi2020_800f,67.33565537,18.20555555,49.13009982
IMAGE 3.0|EN_NPi2100,IMAGE 3.0|EN_NPi2020_1000,67.33565537,18.03777719,49.29787818
IMAGE 3.0|EN_NPi2100,IMAGE 3.0|EN_NPi2020_1000f,67.33565537,25.52480229,41.81085308
IMAGE 3.0|EN_NPi2100,IMAGE 3.0|EN_NPi2020_1200,67.33565537,23.00114195,44.33451342
IMAGE 3.0|EN_NPi2100,IMAGE 3.0|EN_NPi2020_1200f,67.33565537,25.15985264,42.17580273
IMAGE 3.0|EN_NPi2100,IMAGE 3.0|EN_NPi2020_1400,67.33565537,27.67647072,39.65918465
IMAGE 3.0|EN_NPi2100,IMAGE 3.0|EN_NPi2020_1400f,67.33565537,28.72654856,38.60910681
IMAGE 3.0|EN_NPi2100,IMAGE 3.0|EN_NPi2020_3000,67.33565537,57.76090886,9.574746514
IMAGE 3.0|EN_NPi2100,IMAGE 3.0|EN_NPi2020_3000f,67.33565537,57.76090886,9.574746514
IMAGE 3.0.1|ADVANCE_Reference,IMAGE 3.0.1|ADVANCE_2020_1.5C-2100,62.48450051,7.781474603,54.70302591
IMAGE 3.0.1|ADVANCE_Reference,IMAGE 3.0.1|ADVANCE_2020_Med2C,62.48450051,26.92718331,35.5573172
IMAGE 3.0.1|ADVANCE_Reference,IMAGE 3.0.1|ADVANCE_2020_WB2C,62.48450051,16.73986905,45.74463146
IMAGE 3.0.1|ADVANCE_Reference,IMAGE 3.0.1|ADVANCE_2030_Med2C,62.48450051,32.09061512,30.39388539
IMAGE 3.0.1|ADVANCE_Reference,IMAGE 3.0.1|ADVANCE_2030_WB2C,62.48450051,17.18670467,45.29779585
IMAGE 3.0.1|CD-LINKS_INDCi,IMAGE 3.0.1|CD-LINKS_INDC2030i_1600,61.69221622,27.27453286,34.41768336
IMAGE 3.0.1|CD-LINKS_NoPolicy,IMAGE 3.0.1|CD-LINKS_NDC2030i_1000,76.03566346,21.29134581,54.74431765
IMAGE 3.0.1|CD-LINKS_NPi,IMAGE 3.0.1|CD-LINKS_NPi2020_1000,68.80931756,20.19934917,48.60996839
IMAGE 3.0.1|CD-LINKS_NPi,IMAGE 3.0.1|CD-LINKS_NPi2020_1600,68.80931756,26.89106643,41.91825113
IMAGE 3.0.1|CD-LINKS_NPi,IMAGE 3.0.1|CD-LINKS_NPi2020_400,68.80931756,9.613698164,59.1956194
IMAGE 3.0.1|EMF30_Slower-Action,IMAGE 3.0.1|EMF30_ClimPolicy,54.61714518,21.67511929,32.94202589
IMAGE 3.0.1|EMF30_Slower-Action,IMAGE 3.0.1|EMF30_ClimPolicy+SLCF,54.61714518,21.58211121,33.03503397
IMAGE 3.0.1|EMF30_Slower-Action,IMAGE 3.0.1|EMF30_D_CO2-Only,54.61714518,26.28893797,28.3282072
IMAGE 3.0.1|EMF30_Slower-Action,IMAGE 3.0.1|EMF30_Slower-Action+SLCF,54.61714518,53.35838834,1.258756841
IMAGE 3.0.1|EMF30_Slower-Action,IMAGE 3.0.1|EMF30_Slower-to-faster,54.61714518,21.75496015,32.86218503
IMAGE 3.0.1|EMF30_Slower-Action,IMAGE 3.0.1|EMF30_Slower-to-faster+SLCF,54.61714518,21.73417887,32.88296631
IMAGE 3.0.1|EMF30_Slower-Action,IMAGE 3.0.1|EMF30_Slower-to-faster+SLCF+HFC,54.61714518,21.73123182,32.88591336
IMAGE 3.0.1|SSP1-Baseline,IMAGE 3.0.1|SSP1-26,60.89086714,25.60848583,35.28238131
IMAGE 3.0.1|SSP1-Baseline,IMAGE 3.0.1|SSP1-34,60.89086714,44.23976588,16.65110126
IMAGE 3.0.1|SSP1-Baseline,IMAGE 3.0.1|SSP1-45,60.89086714,55.45681355,5.434053594
IMAGE 3.0.1|SSP2-45,IMAGE 3.0.1|SSP2-26,55.06263923,19.39569751,35.66694172
IMAGE 3.0.1|SSP2-60,IMAGE 3.0.1|SSP2-34,71.55060634,35.96600532,35.58460102
IMAGE 3.0.1|SSP2-Baseline,IMAGE 3.0.1|SSP2-45,77.28515231,55.06263923,22.22251308
IMAGE 3.0.1|SSP2-Baseline,IMAGE 3.0.1|SSP2-60,77.28515231,71.55060634,5.734545971
IMAGE 3.0.1|SSP3-60,IMAGE 3.0.1|SSP3-34,75.32242586,31.06475662,44.25766924
IMAGE 3.0.1|SSP3-60,IMAGE 3.0.1|SSP3-45,75.32242586,51.8460314,23.47639446
IMAGE 3.0.1|SSP3-Baseline,IMAGE 3.0.1|SSP3-60,83.73845165,75.32242586,8.416025793
IMAGE 3.0.1|SSP4-45,IMAGE 3.0.1|SSP4-26,56.58475104,14.51508258,42.06966846
IMAGE 3.0.1|SSP4-60,IMAGE 3.0.1|SSP4-34,69.65637091,35.08080206,34.57556885
IMAGE 3.0.1|SSP4-Baseline,IMAGE 3.0.1|SSP4-45,70.79856902,56.58475104,14.21381798
IMAGE 3.0.1|SSP4-Baseline,IMAGE 3.0.1|SSP4-60,70.79856902,69.65637091,1.142198107
IMAGE 3.0.1|SSP5-60,IMAGE 3.0.1|SSP5-34,85.31692066,39.47375485,45.84316582
IMAGE 3.0.1|SSP5-Baseline,IMAGE 3.0.1|SSP5-45,111.1261414,59.09096014,52.03518123
IMAGE 3.0.1|SSP5-Baseline,IMAGE 3.0.1|SSP5-60,111.1261414,85.31692066,25.80922071
IMAGE 3.0.2|EMF33_Baseline,IMAGE 3.0.2|EMF33_Med2C_cost100,76.83920041,31.52437377,45.31482664
IMAGE 3.0.2|EMF33_Baseline,IMAGE 3.0.2|EMF33_Med2C_full,76.83920041,30.92258863,45.91661177
IMAGE 3.0.2|EMF33_Baseline,IMAGE 3.0.2|EMF33_Med2C_limbio,76.83920041,30.42171716,46.41748325
IMAGE 3.0.2|EMF33_Baseline,IMAGE 3.0.2|EMF33_Med2C_nobeccs,76.83920041,29.52352822,47.31567219
IMAGE 3.0.2|EMF33_Baseline,IMAGE 3.0.2|EMF33_Med2C_nofuel,76.83920041,30.05894096,46.78025945
IMAGE 3.0.2|EMF33_Baseline,IMAGE 3.0.2|EMF33_Med2C_none,76.83920041,27.95003572,48.88916469
IMAGE 3.0.2|EMF33_Baseline,IMAGE 3.0.2|EMF33_tax_hi_full,76.83920041,27.57500992,49.26419049
IMAGE 3.0.2|EMF33_Baseline,IMAGE 3.0.2|EMF33_tax_hi_none,76.83920041,32.48161176,44.35758865
IMAGE 3.0.2|EMF33_Baseline,IMAGE 3.0.2|EMF33_tax_lo_full,76.83920041,42.32372729,34.51547312
IMAGE 3.0.2|EMF33_Baseline,IMAGE 3.0.2|EMF33_tax_lo_none,76.83920041,43.1526742,33.68652621
IMAGE 3.0.2|EMF33_Baseline,IMAGE 3.0.2|EMF33_WB2C_cost100,76.83920041,21.33913807,55.50006234
IMAGE 3.0.2|EMF33_Baseline,IMAGE 3.0.2|EMF33_WB2C_full,76.83920041,20.96438363,55.87481678
IMAGE 3.0.2|EMF33_Baseline,IMAGE 3.0.2|EMF33_WB2C_limbio,76.83920041,21.15797418,55.68122622
IMAGE 3.0.2|EMF33_Baseline,IMAGE 3.0.2|EMF33_WB2C_nobeccs,76.83920041,21.01157305,55.82762736
IMAGE 3.0.2|EMF33_Baseline,IMAGE 3.0.2|EMF33_WB2C_nofuel,76.83920041,19.9253827,56.91381771
IMAGE 3.2|SSP1_SPA1_34I_D,IMAGE 3.2|SSP1_SPA1_19I_D,35.40854186,8.658419399,26.75012246
IMAGE 3.2|SSP1_SPA1_34I_LI,IMAGE 3.2|SSP1_SPA1_19I_D_LB,43.51978094,5.587525855,37.93225508
IMAGE 3.2|SSP1_SPA1_34I_LIRE,IMAGE 3.2|SSP1_SPA1_19I_LI,43.79742358,5.110676499,38.68674708
IMAGE 3.2|SSP1_SPA1_34I_RE,IMAGE 3.2|SSP1_SPA1_19I_LIRE,35.33819289,4.766279368,30.57191352
IMAGE 3.2|SSP1-baseline,IMAGE 3.2|SSP1_SPA1_19I_LIRE_LB,58.45612408,-0.148560976,58.60468506
IMAGE 3.2|SSP1-baseline,IMAGE 3.2|SSP1_SPA1_19I_RE,58.45612408,9.343453636,49.11267044
IMAGE 3.2|SSP1-baseline,IMAGE 3.2|SSP1_SPA1_19I_RE_LB,58.45612408,4.654747341,53.80137674
IMAGE 3.2|SSP1-baseline,IMAGE 3.2|SSP1_SPA1_26I_D,58.45612408,21.34521974,37.11090434
IMAGE 3.2|SSP1-baseline,IMAGE 3.2|SSP1_SPA1_26I_LI,58.45612408,19.61628792,38.83983616
IMAGE 3.2|SSP1-baseline,IMAGE 3.2|SSP1_SPA1_26I_LIRE,58.45612408,23.56342082,34.89270326
IMAGE 3.2|SSP1-baseline,IMAGE 3.2|SSP1_SPA1_26I_RE,58.45612408,20.0883012,38.36782288
IMAGE 3.2|SSP1-baseline,IMAGE 3.2|SSP1_SPA1_34I_D,58.45612408,35.40854186,23.04758222
IMAGE 3.2|SSP1-baseline,IMAGE 3.2|SSP1_SPA1_34I_LI,58.45612408,43.51978094,14.93634314
IMAGE 3.2|SSP1-baseline,IMAGE 3.2|SSP1_SPA1_34I_LIRE,58.45612408,43.79742358,14.6587005
IMAGE 3.2|SSP1-baseline,IMAGE 3.2|SSP1_SPA1_34I_RE,58.45612408,35.33819289,23.11793119
IMAGE 3.2|SSP2_SPA2_34I_D,IMAGE 3.2|SSP2_SPA0_26I_D,39.49187555,20.87694185,18.61493369
IMAGE 3.2|SSP2_SPA2_34I_D,IMAGE 3.2|SSP2_SPA1_19I_D_LB,39.49187555,9.557070244,29.9348053
IMAGE 3.2|SSP2_SPA2_34I_LIRE,IMAGE 3.2|SSP2_SPA1_19I_LIRE_LB,45.03146541,3.288371647,41.74309376
IMAGE 3.2|SSP2_SPA2_34I_RE,IMAGE 3.2|SSP2_SPA1_19I_RE_LB,37.71801594,8.101191303,29.61682464
IMAGE 3.2|SSP2_SPA2_34I_D,IMAGE 3.2|SSP2_SPA2_19I_D,39.49187555,9.0771543,30.41472125
IMAGE 3.2|SSP2_SPA2_34I_LI,IMAGE 3.2|SSP2_SPA2_19I_LI,39.97168628,4.491028778,35.48065751
IMAGE 3.2|SSP2_SPA2_34I_LIRE,IMAGE 3.2|SSP2_SPA2_19I_LIRE,45.03146541,5.585938184,39.44552722
IMAGE 3.2|SSP2_SPA2_34I_RE,IMAGE 3.2|SSP2_SPA2_19I_RE,37.71801594,6.037408122,31.68060782
IMAGE 3.2|SSP2-baseline,IMAGE 3.2|SSP2_SPA2_26I_D,77.27485413,24.88538553,52.38946861
IMAGE 3.2|SSP2-baseline,IMAGE 3.2|SSP2_SPA2_26I_LI,77.27485413,23.43965981,53.83519433
IMAGE 3.2|SSP2-baseline,IMAGE 3.2|SSP2_SPA2_26I_LIRE,77.27485413,23.71594837,53.55890577
IMAGE 3.2|SSP2-baseline,IMAGE 3.2|SSP2_SPA2_26I_RE,77.27485413,22.24666722,55.02818692
IMAGE 3.2|SSP2-baseline,IMAGE 3.2|SSP2_SPA2_34I_D,77.27485413,39.49187555,37.78297859
IMAGE 3.2|SSP2-baseline,IMAGE 3.2|SSP2_SPA2_34I_LI,77.27485413,39.97168628,37.30316785
IMAGE 3.2|SSP2-baseline,IMAGE 3.2|SSP2_SPA2_34I_LIRE,77.27485413,45.03146541,32.24338873
IMAGE 3.2|SSP2-baseline,IMAGE 3.2|SSP2_SPA2_34I_RE,77.27485413,37.71801594,39.55683819
MESSAGE-GLOBIOM 1.0|ADVANCE_Reference,MESSAGE-GLOBIOM 1.0|ADVANCE_2020_1.5C-2100,59.58869725,8.047941066,51.54075619
MESSAGE-GLOBIOM 1.0|ADVANCE_Reference,MESSAGE-GLOBIOM 1.0|ADVANCE_2020_Med2C,59.58869725,32.13593328,27.45276397
MESSAGE-GLOBIOM 1.0|ADVANCE_Reference,MESSAGE-GLOBIOM 1.0|ADVANCE_2020_WB2C,59.58869725,20.08516736,39.50352989
MESSAGE-GLOBIOM 1.0|ADVANCE_Reference,MESSAGE-GLOBIOM 1.0|ADVANCE_2030_Med2C,59.58869725,31.95974336,27.62895389
MESSAGE-GLOBIOM 1.0|ADVANCE_Reference,MESSAGE-GLOBIOM 1.0|ADVANCE_2030_Price1.5C,59.58869725,12.07677418,47.51192307
MESSAGE-GLOBIOM 1.0|ADVANCE_Reference,MESSAGE-GLOBIOM 1.0|ADVANCE_2030_WB2C,59.58869725,17.35696558,42.23173167
MESSAGE-GLOBIOM 1.0|ADVANCE_Reference,MESSAGE-GLOBIOM 1.0|ADVANCE_INDC,59.58869725,42.79581947,16.79287779
MESSAGE-GLOBIOM 1.0|EMF30_Baseline,MESSAGE-GLOBIOM 1.0|EMF30_D_CH4-ClimPolicy,72.78063048,58.38855946,14.39207102
MESSAGE-GLOBIOM 1.0|EMF30_Baseline,MESSAGE-GLOBIOM 1.0|EMF30_Slower-Action,72.78063048,40.89631885,31.88431163
MESSAGE-GLOBIOM 1.0|EMF30_Slower-Action,MESSAGE-GLOBIOM 1.0|EMF30_Slower-to-faster,40.89631885,15.41521538,25.48110348
MESSAGE-GLOBIOM 1.0|EMF33_tax_lo_none,MESSAGE-GLOBIOM 1.0|EMF33_1.5C_cost100,38.17401993,4.567241187,33.60677875
MESSAGE-GLOBIOM 1.0|EMF33_tax_lo_none,MESSAGE-GLOBIOM 1.0|EMF33_1.5C_full,38.17401993,4.607848749,33.56617118
MESSAGE-GLOBIOM 1.0|EMF33_Baseline,MESSAGE-GLOBIOM 1.0|EMF33_Med2C_cost100,72.0741436,28.42723008,43.64691352
MESSAGE-GLOBIOM 1.0|EMF33_Baseline,MESSAGE-GLOBIOM 1.0|EMF33_Med2C_full,72.0741436,27.93285081,44.14129279
MESSAGE-GLOBIOM 1.0|EMF33_Baseline,MESSAGE-GLOBIOM 1.0|EMF33_Med2C_limbio,72.0741436,23.3869177,48.6872259
MESSAGE-GLOBIOM 1.0|EMF33_Baseline,MESSAGE-GLOBIOM 1.0|EMF33_Med2C_nobeccs,72.0741436,20.40253458,51.67160902
MESSAGE-GLOBIOM 1.0|EMF33_Baseline,MESSAGE-GLOBIOM 1.0|EMF33_Med2C_nofuel,72.0741436,26.43607552,45.63806808
MESSAGE-GLOBIOM 1.0|EMF33_Baseline,MESSAGE-GLOBIOM 1.0|EMF33_Med2C_none,72.0741436,19.63606334,52.43808026
MESSAGE-GLOBIOM 1.0|EMF33_Baseline,MESSAGE-GLOBIOM 1.0|EMF33_tax_hi_full,72.0741436,20.94734925,51.12679434
MESSAGE-GLOBIOM 1.0|EMF33_Baseline,MESSAGE-GLOBIOM 1.0|EMF33_tax_hi_none,72.0741436,23.80922186,48.26492174
MESSAGE-GLOBIOM 1.0|EMF33_Baseline,MESSAGE-GLOBIOM 1.0|EMF33_tax_lo_full,72.0741436,35.62237546,36.45176814
MESSAGE-GLOBIOM 1.0|EMF33_Baseline,MESSAGE-GLOBIOM 1.0|EMF33_tax_lo_none,72.0741436,38.17401993,33.90012366
MESSAGE-GLOBIOM 1.0|EMF33_Baseline,MESSAGE-GLOBIOM 1.0|EMF33_WB2C_cost100,72.0741436,15.78050022,56.29364338
MESSAGE-GLOBIOM 1.0|EMF33_Baseline,MESSAGE-GLOBIOM 1.0|EMF33_WB2C_full,72.0741436,15.49587664,56.57826696
MESSAGE-GLOBIOM 1.0|EMF33_Baseline,MESSAGE-GLOBIOM 1.0|EMF33_WB2C_limbio,72.0741436,11.23105656,60.84308704
MESSAGE-GLOBIOM 1.0|EMF33_Baseline,MESSAGE-GLOBIOM 1.0|EMF33_WB2C_nofuel,72.0741436,15.75317057,56.32097302
MESSAGE-GLOBIOM 1.0|SSP1-Baseline,MESSAGE-GLOBIOM 1.0|SSP1-26,60.23275387,26.21184547,34.0209084
MESSAGE-GLOBIOM 1.0|SSP1-Baseline,MESSAGE-GLOBIOM 1.0|SSP1-34,60.23275387,40.5641193,19.66863457
MESSAGE-GLOBIOM 1.0|SSP1-Baseline,MESSAGE-GLOBIOM 1.0|SSP1-45,60.23275387,50.47020883,9.762545043
MESSAGE-GLOBIOM 1.0|SSP2-45,MESSAGE-GLOBIOM 1.0|SSP2-19,53.60471413,9.783179518,43.82153461
MESSAGE-GLOBIOM 1.0|SSP2-45,MESSAGE-GLOBIOM 1.0|SSP2-26,53.60471413,24.58686056,29.01785357
MESSAGE-GLOBIOM 1.0|SSP2-Baseline,MESSAGE-GLOBIOM 1.0|SSP2-34,72.57558502,42.17944786,30.39613716
MESSAGE-GLOBIOM 1.0|SSP2-Baseline,MESSAGE-GLOBIOM 1.0|SSP2-45,72.57558502,53.60471413,18.9708709
MESSAGE-GLOBIOM 1.0|SSP2-Baseline,MESSAGE-GLOBIOM 1.0|SSP2-60,72.57558502,66.61698228,5.958602737
MESSAGE-GLOBIOM 1.0|SSP3-60,MESSAGE-GLOBIOM 1.0|SSP3-34,74.22653675,30.89927592,43.32726083
MESSAGE-GLOBIOM 1.0|SSP3-60,MESSAGE-GLOBIOM 1.0|SSP3-45,74.22653675,48.19505694,26.03147981
MESSAGEix-GLOBIOM 1.0|CD-LINKS_INDCi,MESSAGEix-GLOBIOM 1.0|CD-LINKS_INDC2030i_1600,65.11741962,33.24514705,31.87227257
MESSAGEix-GLOBIOM 1.0|CD-LINKS_INDCi,MESSAGEix-GLOBIOM 1.0|CD-LINKS_NDC2030i_1000,65.11741962,19.20384153,45.91357809
MESSAGEix-GLOBIOM 1.0|CD-LINKS_INDCi,MESSAGEix-GLOBIOM 1.0|CD-LINKS_NPi2020_1000,65.11741962,21.19962087,43.91779875
MESSAGEix-GLOBIOM 1.0|CD-LINKS_INDCi,MESSAGEix-GLOBIOM 1.0|CD-LINKS_NPi2020_1600,65.11741962,34.03102497,31.08639465
MESSAGEix-GLOBIOM 1.0|CD-LINKS_INDCi,MESSAGEix-GLOBIOM 1.0|CD-LINKS_NPi2020_400,65.11741962,10.08059793,55.03682169
MESSAGEix-GLOBIOM 1.0|CD-LINKS_INDCi,MESSAGEix-GLOBIOM 1.0|LowEnergyDemand_1.3_IPCC,65.11741962,7.113411727,58.00400789
MESSAGEix-GLOBIOM_1.1|EN_INDCi2100_COV,MESSAGEix-GLOBIOM_1.1|EN_INDCi2030_600f_COV,54.28086583,14.35498539,39.92588044
MESSAGEix-GLOBIOM_1.1|EN_INDCi2100_COV_NDCp,MESSAGEix-GLOBIOM_1.1|EN_INDCi2030_600f_COV_NDCp,53.57964482,14.56459973,39.01504509
MESSAGEix-GLOBIOM_1.1|EN_INDCi2100,MESSAGEix-GLOBIOM_1.1|EN_INDCi2030_700f,57.12137305,16.04878811,41.07258493
MESSAGEix-GLOBIOM_1.1|EN_INDCi2100_COV,MESSAGEix-GLOBIOM_1.1|EN_INDCi2030_700f_COV,54.28086583,16.47228133,37.8085845
MESSAGEix-GLOBIOM_1.1|EN_INDCi2100_COV_NDCp,MESSAGEix-GLOBIOM_1.1|EN_INDCi2030_700f_COV_NDCp,53.57964482,16.78992756,36.78971725
MESSAGEix-GLOBIOM_1.1|EN_INDCi2100_NDCp,MESSAGEix-GLOBIOM_1.1|EN_INDCi2030_700f_NDCp,56.40831603,16.25616421,40.15215182
MESSAGEix-GLOBIOM_1.1|EN_INDCi2100,MESSAGEix-GLOBIOM_1.1|EN_INDCi2030_800f,57.12137305,18.02855338,39.09281966
MESSAGEix-GLOBIOM_1.1|EN_INDCi2100_COV,MESSAGEix-GLOBIOM_1.1|EN_INDCi2030_800f_COV,54.28086583,18.49287207,35.78799376
MESSAGEix-GLOBIOM_1.1|EN_INDCi2100_COV_NDCp,MESSAGEix-GLOBIOM_1.1|EN_INDCi2030_800f_COV_NDCp,53.57964482,18.87432873,34.70531609
MESSAGEix-GLOBIOM_1.1|EN_INDCi2100_NDCp,MESSAGEix-GLOBIOM_1.1|EN_INDCi2030_800f_NDCp,56.40831603,18.22101835,38.18729768
MESSAGEix-GLOBIOM_1.1|EN_INDCi2100,MESSAGEix-GLOBIOM_1.1|EN_INDCi2030_900f,57.12137305,20.09894689,37.02242616
MESSAGEix-GLOBIOM_1.1|EN_INDCi2100_COV,MESSAGEix-GLOBIOM_1.1|EN_INDCi2030_900f_COV,54.28086583,20.47205793,33.8088079
MESSAGEix-GLOBIOM_1.1|EN_INDCi2100_COV_NDCp,MESSAGEix-GLOBIOM_1.1|EN_INDCi2030_900f_COV_NDCp,53.57964482,21.00847903,32.57116578
MESSAGEix-GLOBIOM_1.1|EN_INDCi2100_NDCp,MESSAGEix-GLOBIOM_1.1|EN_INDCi2030_900f_NDCp,56.40831603,20.19568725,36.21262877
MESSAGEix-GLOBIOM_1.1|EN_INDCi2100_COV,MESSAGEix-GLOBIOM_1.1|EN_INDCi2030_950_COV,54.28086583,14.51577159,39.76509424
MESSAGEix-GLOBIOM_1.1|EN_INDCi2100_COV_NDCp,MESSAGEix-GLOBIOM_1.1|EN_INDCi2030_950_COV_NDCp,53.57964482,15.31016544,38.26947938
MESSAGEix-GLOBIOM_1.1|EN_INDCi2100_COV,MESSAGEix-GLOBIOM_1.1|EN_INDCi2030_950f_COV,54.28086583,21.89413565,32.38673018
MESSAGEix-GLOBIOM_1.1|EN_INDCi2100_COV_NDCp,MESSAGEix-GLOBIOM_1.1|EN_INDCi2030_950f_COV_NDCp,53.57964482,22.35909542,31.22054939
MESSAGEix-GLOBIOM_1.1|EN_INDCi2100,MESSAGEix-GLOBIOM_1.1|EN_INDCi2030_1000,57.12137305,14.87026647,42.25110658
MESSAGEix-GLOBIOM_1.1|EN_INDCi2100_COV,MESSAGEix-GLOBIOM_1.1|EN_INDCi2030_1000_COV,54.28086583,16.54941214,37.73145368
MESSAGEix-GLOBIOM_1.1|EN_INDCi2100_COV_NDCp,MESSAGEix-GLOBIOM_1.1|EN_INDCi2030_1000_COV_NDCp,53.57964482,17.28915875,36.29048607
MESSAGEix-GLOBIOM_1.1|EN_INDCi2100_NDCp,MESSAGEix-GLOBIOM_1.1|EN_INDCi2030_1000_NDCp,56.40831603,15.2091185,41.19919753
MESSAGEix-GLOBIOM_1.1|EN_INDCi2100,MESSAGEix-GLOBIOM_1.1|EN_INDCi2030_1000f,57.12137305,22.39253747,34.72883557
MESSAGEix-GLOBIOM_1.1|EN_INDCi2100_COV,MESSAGEix-GLOBIOM_1.1|EN_INDCi2030_1000f_COV,54.28086583,23.00194425,31.27892158
MESSAGEix-GLOBIOM_1.1|EN_INDCi2100_COV_NDCp,MESSAGEix-GLOBIOM_1.1|EN_INDCi2030_1000f_COV_NDCp,53.57964482,23.53193376,30.04771106
MESSAGEix-GLOBIOM_1.1|EN_INDCi2100_NDCp,MESSAGEix-GLOBIOM_1.1|EN_INDCi2030_1000f_NDCp,56.40831603,22.65426225,33.75405378
MESSAGEix-GLOBIOM_1.1|EN_INDCi2100,MESSAGEix-GLOBIOM_1.1|EN_INDCi2030_1200,57.12137305,21.82412636,35.29724669
MESSAGEix-GLOBIOM_1.1|EN_INDCi2100_COV,MESSAGEix-GLOBIOM_1.1|EN_INDCi2030_1200_COV,54.28086583,23.08495333,31.1959125
MESSAGEix-GLOBIOM_1.1|EN_INDCi2100_COV_NDCp,MESSAGEix-GLOBIOM_1.1|EN_INDCi2030_1200_COV_NDCp,53.57964482,23.68488847,29.89475634
MESSAGEix-GLOBIOM_1.1|EN_INDCi2100_NDCp,MESSAGEix-GLOBIOM_1.1|EN_INDCi2030_1200_NDCp,56.40831603,22.03823021,34.37008582
MESSAGEix-GLOBIOM_1.1|EN_INDCi2100,MESSAGEix-GLOBIOM_1.1|EN_INDCi2030_1200f,57.12137305,27.64640634,29.4749667
MESSAGEix-GLOBIOM_1.1|EN_INDCi2100_COV,MESSAGEix-GLOBIOM_1.1|EN_INDCi2030_1200f_COV,54.28086583,28.40699453,25.8738713
MESSAGEix-GLOBIOM_1.1|EN_INDCi2100_COV_NDCp,MESSAGEix-GLOBIOM_1.1|EN_INDCi2030_1200f_COV_NDCp,53.57964482,28.86235089,24.71729393
MESSAGEix-GLOBIOM_1.1|EN_INDCi2100_NDCp,MESSAGEix-GLOBIOM_1.1|EN_INDCi2030_1200f_NDCp,56.40831603,27.83565013,28.5726659
MESSAGEix-GLOBIOM_1.1|EN_INDCi2100,MESSAGEix-GLOBIOM_1.1|EN_INDCi2030_1400,57.12137305,28.7527874,28.36858565
MESSAGEix-GLOBIOM_1.1|EN_INDCi2100_COV,MESSAGEix-GLOBIOM_1.1|EN_INDCi2030_1400_COV,54.28086583,29.60122642,24.67963941
MESSAGEix-GLOBIOM_1.1|EN_INDCi2100_COV_NDCp,MESSAGEix-GLOBIOM_1.1|EN_INDCi2030_1400_COV_NDCp,53.57964482,30.14668275,23.43296207
MESSAGEix-GLOBIOM_1.1|EN_INDCi2100_NDCp,MESSAGEix-GLOBIOM_1.1|EN_INDCi2030_1400_NDCp,56.40831603,28.85914187,27.54917415
MESSAGEix-GLOBIOM_1.1|EN_INDCi2100,MESSAGEix-GLOBIOM_1.1|EN_INDCi2030_1400f,57.12137305,32.05463161,25.06674144
MESSAGEix-GLOBIOM_1.1|EN_INDCi2100_COV,MESSAGEix-GLOBIOM_1.1|EN_INDCi2030_1400f_COV,54.28086583,32.40643525,21.87443057
MESSAGEix-GLOBIOM_1.1|EN_INDCi2100_COV_NDCp,MESSAGEix-GLOBIOM_1.1|EN_INDCi2030_1400f_COV_NDCp,53.57964482,32.76856672,20.81107809
MESSAGEix-GLOBIOM_1.1|EN_INDCi2100_NDCp,MESSAGEix-GLOBIOM_1.1|EN_INDCi2030_1400f_NDCp,56.40831603,32.19875418,24.20956185
MESSAGEix-GLOBIOM_1.1|EN_INDCi2100,MESSAGEix-GLOBIOM_1.1|EN_INDCi2030_1600,57.12137305,34.42237613,22.69899692
MESSAGEix-GLOBIOM_1.1|EN_INDCi2100_COV,MESSAGEix-GLOBIOM_1.1|EN_INDCi2030_1600_COV,54.28086583,35.04787198,19.23299385
MESSAGEix-GLOBIOM_1.1|EN_INDCi2100_COV_NDCp,MESSAGEix-GLOBIOM_1.1|EN_INDCi2030_1600_COV_NDCp,53.57964482,35.25582264,18.32382218
MESSAGEix-GLOBIOM_1.1|EN_INDCi2100_NDCp,MESSAGEix-GLOBIOM_1.1|EN_INDCi2030_1600_NDCp,56.40831603,34.62648288,21.78183315
MESSAGEix-GLOBIOM_1.1|EN_INDCi2100,MESSAGEix-GLOBIOM_1.1|EN_INDCi2030_1600f,57.12137305,36.83342341,20.28794964
MESSAGEix-GLOBIOM_1.1|EN_INDCi2100_COV,MESSAGEix-GLOBIOM_1.1|EN_INDCi2030_1600f_COV,54.28086583,36.78323707,17.49762876
MESSAGEix-GLOBIOM_1.1|EN_INDCi2100_COV_NDCp,MESSAGEix-GLOBIOM_1.1|EN_INDCi2030_1600f_COV_NDCp,53.57964482,36.67374179,16.90590303
MESSAGEix-GLOBIOM_1.1|EN_INDCi2100_NDCp,MESSAGEix-GLOBIOM_1.1|EN_INDCi2030_1600f_NDCp,56.40831603,36.84693461,19.56138142
MESSAGEix-GLOBIOM_1.1|EN_INDCi2100,MESSAGEix-GLOBIOM_1.1|EN_INDCi2030_1800,57.12137305,39.48222169,17.63915136
MESSAGEix-GLOBIOM_1.1|EN_INDCi2100_COV,MESSAGEix-GLOBIOM_1.1|EN_INDCi2030_1800_COV,54.28086583,38.55169532,15.7291705
MESSAGEix-GLOBIOM_1.1|EN_INDCi2100_COV_NDCp,MESSAGEix-GLOBIOM_1.1|EN_INDCi2030_1800_COV_NDCp,53.57964482,38.89186193,14.68778288
MESSAGEix-GLOBIOM_1.1|EN_INDCi2100_NDCp,MESSAGEix-GLOBIOM_1.1|EN_INDCi2030_1800_NDCp,56.40831603,39.5168011,16.89151492
MESSAGEix-GLOBIOM_1.1|EN_INDCi2100,MESSAGEix-GLOBIOM_1.1|EN_INDCi2030_1800f,57.12137305,40.34404247,16.77733058
MESSAGEix-GLOBIOM_1.1|EN_INDCi2100_COV,MESSAGEix-GLOBIOM_1.1|EN_INDCi2030_1800f_COV,54.28086583,39.07472614,15.20613969
MESSAGEix-GLOBIOM_1.1|EN_INDCi2100_COV_NDCp,MESSAGEix-GLOBIOM_1.1|EN_INDCi2030_1800f_COV_NDCp,53.57964482,39.37806248,14.20158234
MESSAGEix-GLOBIOM_1.1|EN_INDCi2100_NDCp,MESSAGEix-GLOBIOM_1.1|EN_INDCi2030_1800f_NDCp,56.40831603,40.31309332,16.09522271
MESSAGEix-GLOBIOM_1.1|EN_INDCi2100,MESSAGEix-GLOBIOM_1.1|EN_INDCi2030_2000,57.12137305,42.58366014,14.5377129
MESSAGEix-GLOBIOM_1.1|EN_INDCi2100_COV,MESSAGEix-GLOBIOM_1.1|EN_INDCi2030_2000_COV,54.28086583,41.45124651,12.82961932
MESSAGEix-GLOBIOM_1.1|EN_INDCi2100_COV_NDCp,MESSAGEix-GLOBIOM_1.1|EN_INDCi2030_2000_COV_NDCp,53.57964482,41.80931154,11.77033327
MESSAGEix-GLOBIOM_1.1|EN_INDCi2100_NDCp,MESSAGEix-GLOBIOM_1.1|EN_INDCi2030_2000_NDCp,56.40831603,42.6515132,13.75680283
MESSAGEix-GLOBIOM_1.1|EN_INDCi2100,MESSAGEix-GLOBIOM_1.1|EN_INDCi2030_2000f,57.12137305,42.77493549,14.34643755
MESSAGEix-GLOBIOM_1.1|EN_INDCi2100_COV,MESSAGEix-GLOBIOM_1.1|EN_INDCi2030_2000f_COV,54.28086583,41.65014295,12.63072287
MESSAGEix-GLOBIOM_1.1|EN_INDCi2100_COV_NDCp,MESSAGEix-GLOBIOM_1.1|EN_INDCi2030_2000f_COV_NDCp,53.57964482,41.9155627,11.66408212
MESSAGEix-GLOBIOM_1.1|EN_INDCi2100_NDCp,MESSAGEix-GLOBIOM_1.1|EN_INDCi2030_2000f_NDCp,56.40831603,42.78767808,13.62063795
MESSAGEix-GLOBIOM_1.1|EN_INDCi2100,MESSAGEix-GLOBIOM_1.1|EN_INDCi2030_2500,57.12137305,49.71711976,7.404253281
MESSAGEix-GLOBIOM_1.1|EN_INDCi2100_COV,MESSAGEix-GLOBIOM_1.1|EN_INDCi2030_2500_COV,54.28086583,48.18667276,6.094193067
MESSAGEix-GLOBIOM_1.1|EN_INDCi2100_COV_NDCp,MESSAGEix-GLOBIOM_1.1|EN_INDCi2030_2500_COV_NDCp,53.57964482,48.20496743,5.374677393
MESSAGEix-GLOBIOM_1.1|EN_INDCi2100_NDCp,MESSAGEix-GLOBIOM_1.1|EN_INDCi2030_2500_NDCp,56.40831603,49.59284687,6.815469159
MESSAGEix-GLOBIOM_1.1|EN_INDCi2100,MESSAGEix-GLOBIOM_1.1|EN_INDCi2030_2500f,57.12137305,49.2075692,7.913803842
MESSAGEix-GLOBIOM_1.1|EN_INDCi2100_COV,MESSAGEix-GLOBIOM_1.1|EN_INDCi2030_2500f_COV,54.28086583,47.87889422,6.401971604
MESSAGEix-GLOBIOM_1.1|EN_INDCi2100_COV_NDCp,MESSAGEix-GLOBIOM_1.1|EN_INDCi2030_2500f_COV_NDCp,53.57964482,47.76487576,5.814769053
MESSAGEix-GLOBIOM_1.1|EN_INDCi2100_NDCp,MESSAGEix-GLOBIOM_1.1|EN_INDCi2030_2500f_NDCp,56.40831603,49.24152369,7.166792339
MESSAGEix-GLOBIOM_1.1|EN_INDCi2100,MESSAGEix-GLOBIOM_1.1|EN_INDCi2030_3000,57.12137305,54.85330842,2.268064623
MESSAGEix-GLOBIOM_1.1|EN_INDCi2100_COV,MESSAGEix-GLOBIOM_1.1|EN_INDCi2030_3000_COV,54.28086583,53.11313171,1.167734117
MESSAGEix-GLOBIOM_1.1|EN_INDCi2100_COV_NDCp,MESSAGEix-GLOBIOM_1.1|EN_INDCi2030_3000_COV_NDCp,53.57964482,53.08908459,0.490560232
MESSAGEix-GLOBIOM_1.1|EN_INDCi2100_NDCp,MESSAGEix-GLOBIOM_1.1|EN_INDCi2030_3000_NDCp,56.40831603,54.95456392,1.453752106
MESSAGEix-GLOBIOM_1.1|EN_INDCi2100,MESSAGEix-GLOBIOM_1.1|EN_INDCi2030_3000f,57.12137305,54.3291462,2.792226848
MESSAGEix-GLOBIOM_1.1|EN_INDCi2100_COV,MESSAGEix-GLOBIOM_1.1|EN_INDCi2030_3000f_COV,54.28086583,53.04158479,1.239281038
MESSAGEix-GLOBIOM_1.1|EN_INDCi2100_COV_NDCp,MESSAGEix-GLOBIOM_1.1|EN_INDCi2030_3000f_COV_NDCp,53.57964482,53.00423763,0.575407183
MESSAGEix-GLOBIOM_1.1|EN_INDCi2100_NDCp,MESSAGEix-GLOBIOM_1.1|EN_INDCi2030_3000f_NDCp,56.40831603,54.37028597,2.038030063
MESSAGEix-GLOBIOM_1.1|EN_NPi2020_2500f,MESSAGEix-GLOBIOM_1.1|EN_NPi2020_200f,47.72968379,8.502202618,39.22748117
MESSAGEix-GLOBIOM_1.1|EN_NPi2020_2500f,MESSAGEix-GLOBIOM_1.1|EN_NPi2020_300f,47.72968379,10.1845275,37.54515628
MESSAGEix-GLOBIOM_1.1|EN_NPi2020_2500f,MESSAGEix-GLOBIOM_1.1|EN_NPi2020_400f,47.72968379,11.98321808,35.7464657
MESSAGEix-GLOBIOM_1.1|EN_NPi2020_2500,MESSAGEix-GLOBIOM_1.1|EN_NPi2020_450,48.10423209,5.050486365,43.05374573
MESSAGEix-GLOBIOM_1.1|EN_NPi2020_2500f,MESSAGEix-GLOBIOM_1.1|EN_NPi2020_450f,47.72968379,12.82855734,34.90112644
MESSAGEix-GLOBIOM_1.1|EN_NPi2020_3000,MESSAGEix-GLOBIOM_1.1|EN_NPi2020_500,53.67955523,6.431803793,47.24775143
MESSAGEix-GLOBIOM_1.1|EN_NPi2020_3000f,MESSAGEix-GLOBIOM_1.1|EN_NPi2020_500f,53.39968409,13.61156558,39.78811851
MESSAGEix-GLOBIOM_1.1|EN_NPi2020_3000,MESSAGEix-GLOBIOM_1.1|EN_NPi2020_600,53.67955523,8.96845656,44.71109867
MESSAGEix-GLOBIOM_1.1|EN_NPi2020_3000_COV,MESSAGEix-GLOBIOM_1.1|EN_NPi2020_600_COV,52.15207956,9.54272654,42.60935302
MESSAGEix-GLOBIOM_1.1|EN_NPi2020_3000,MESSAGEix-GLOBIOM_1.1|EN_NPi2020_600_DR10p,53.67955523,7.26614366,46.41341157
MESSAGEix-GLOBIOM_1.1|EN_NPi2020_3000,MESSAGEix-GLOBIOM_1.1|EN_NPi2020_600_DR1p,53.67955523,10.04293673,43.63661849
MESSAGEix-GLOBIOM_1.1|EN_NPi2020_3000,MESSAGEix-GLOBIOM_1.1|EN_NPi2020_600_DR2p,53.67955523,9.608566127,44.0709891
MESSAGEix-GLOBIOM_1.1|EN_NPi2020_3000,MESSAGEix-GLOBIOM_1.1|EN_NPi2020_600_DR3p,53.67955523,9.408683022,44.2708722
MESSAGEix-GLOBIOM_1.1|EN_NPi2020_3000,MESSAGEix-GLOBIOM_1.1|EN_NPi2020_600_DR4p,53.67955523,9.170251869,44.50930336
MESSAGEix-GLOBIOM_1.1|EN_NPi2020_3000f,MESSAGEix-GLOBIOM_1.1|EN_NPi2020_600f,53.39968409,15.38290652,38.01677757
MESSAGEix-GLOBIOM_1.1|EN_NPi2020_3000f_COV,MESSAGEix-GLOBIOM_1.1|EN_NPi2020_600f_COV,51.91787162,16.01156559,35.90630603
MESSAGEix-GLOBIOM_1.1|EN_NPi2020_3000f,MESSAGEix-GLOBIOM_1.1|EN_NPi2020_600f_DR10p,53.39968409,17.48201341,35.91767068
MESSAGEix-GLOBIOM_1.1|EN_NPi2020_3000f,MESSAGEix-GLOBIOM_1.1|EN_NPi2020_600f_DR1p,53.39968409,13.34194788,40.05773621
MESSAGEix-GLOBIOM_1.1|EN_NPi2020_3000f,MESSAGEix-GLOBIOM_1.1|EN_NPi2020_600f_DR2p,53.39968409,14.03113235,39.36855174
MESSAGEix-GLOBIOM_1.1|EN_NPi2020_3000f,MESSAGEix-GLOBIOM_1.1|EN_NPi2020_600f_DR3p,53.39968409,14.667182,38.73250209
MESSAGEix-GLOBIOM_1.1|EN_NPi2020_3000f,MESSAGEix-GLOBIOM_1.1|EN_NPi2020_600f_DR4p,53.39968409,15.01522621,38.38445788
MESSAGEix-GLOBIOM_1.1|EN_NPi2020_3000,MESSAGEix-GLOBIOM_1.1|EN_NPi2020_700,53.67955523,11.56901617,42.11053906
MESSAGEix-GLOBIOM_1.1|EN_NPi2020_3000_COV,MESSAGEix-GLOBIOM_1.1|EN_NPi2020_700_COV,52.15207956,12.15452148,39.99755808
MESSAGEix-GLOBIOM_1.1|EN_NPi2020_3000f,MESSAGEix-GLOBIOM_1.1|EN_NPi2020_700f,53.39968409,17.61934884,35.78033524
MESSAGEix-GLOBIOM_1.1|EN_NPi2020_3000f_COV,MESSAGEix-GLOBIOM_1.1|EN_NPi2020_700f_COV,51.91787162,18.26003251,33.65783911
MESSAGEix-GLOBIOM_1.1|EN_NPi2020_3000,MESSAGEix-GLOBIOM_1.1|EN_NPi2020_800,53.67955523,14.04500171,39.63455351
MESSAGEix-GLOBIOM_1.1|EN_NPi2020_3000_COV,MESSAGEix-GLOBIOM_1.1|EN_NPi2020_800_COV,52.15207956,14.88547647,37.26660309
MESSAGEix-GLOBIOM_1.1|EN_NPi2020_3000f,MESSAGEix-GLOBIOM_1.1|EN_NPi2020_800f,53.39968409,19.82860739,33.5710767
MESSAGEix-GLOBIOM_1.1|EN_NPi2020_3000f_COV,MESSAGEix-GLOBIOM_1.1|EN_NPi2020_800f_COV,51.91787162,20.45190772,31.4659639
MESSAGEix-GLOBIOM_1.1|EN_NPi2020_3000,MESSAGEix-GLOBIOM_1.1|EN_NPi2020_900,53.67955523,16.54720293,37.1323523
MESSAGEix-GLOBIOM_1.1|EN_NPi2020_3000_COV,MESSAGEix-GLOBIOM_1.1|EN_NPi2020_900_COV,52.15207956,17.47712467,34.67495489
MESSAGEix-GLOBIOM_1.1|EN_NPi2020_3000f,MESSAGEix-GLOBIOM_1.1|EN_NPi2020_900f,53.39968409,22.43675933,30.96292476
MESSAGEix-GLOBIOM_1.1|EN_NPi2020_3000f_COV,MESSAGEix-GLOBIOM_1.1|EN_NPi2020_900f_COV,51.91787162,22.82805631,29.08981532
MESSAGEix-GLOBIOM_1.1|EN_NPi2020_3000,MESSAGEix-GLOBIOM_1.1|EN_NPi2020_1000,53.67955523,19.52106584,34.15848938
MESSAGEix-GLOBIOM_1.1|EN_NPi2020_3000_COV,MESSAGEix-GLOBIOM_1.1|EN_NPi2020_1000_COV,52.15207956,20.42998018,31.72209938
MESSAGEix-GLOBIOM_1.1|EN_NPi2020_3000,MESSAGEix-GLOBIOM_1.1|EN_NPi2020_1000_DR10p,53.67955523,17.09887535,36.58067988
MESSAGEix-GLOBIOM_1.1|EN_NPi2020_3000,MESSAGEix-GLOBIOM_1.1|EN_NPi2020_1000_DR1p,53.67955523,18.39755986,35.28199537
MESSAGEix-GLOBIOM_1.1|EN_NPi2020_3000,MESSAGEix-GLOBIOM_1.1|EN_NPi2020_1000_DR2p,53.67955523,19.7087668,33.97078842
MESSAGEix-GLOBIOM_1.1|EN_NPi2020_3000,MESSAGEix-GLOBIOM_1.1|EN_NPi2020_1000_DR3p,53.67955523,19.85706632,33.82248891
MESSAGEix-GLOBIOM_1.1|EN_NPi2020_3000,MESSAGEix-GLOBIOM_1.1|EN_NPi2020_1000_DR4p,53.67955523,19.65971046,34.01984477
MESSAGEix-GLOBIOM_1.1|EN_NPi2020_3000f,MESSAGEix-GLOBIOM_1.1|EN_NPi2020_1000f,53.39968409,24.47699569,28.9226884
MESSAGEix-GLOBIOM_1.1|EN_NPi2020_3000f_COV,MESSAGEix-GLOBIOM_1.1|EN_NPi2020_1000f_COV,51.91787162,24.60344089,27.31443073
MESSAGEix-GLOBIOM_1.1|EN_NPi2020_3000f,MESSAGEix-GLOBIOM_1.1|EN_NPi2020_1000f_DR10p,53.39968409,27.69296351,25.70672058
MESSAGEix-GLOBIOM_1.1|EN_NPi2020_3000f,MESSAGEix-GLOBIOM_1.1|EN_NPi2020_1000f_DR1p,53.39968409,18.39874356,35.00094053
MESSAGEix-GLOBIOM_1.1|EN_NPi2020_3000f,MESSAGEix-GLOBIOM_1.1|EN_NPi2020_1000f_DR2p,53.39968409,20.4563411,32.94334299
MESSAGEix-GLOBIOM_1.1|EN_NPi2020_3000f,MESSAGEix-GLOBIOM_1.1|EN_NPi2020_1000f_DR3p,53.39968409,21.96399701,31.43568708
MESSAGEix-GLOBIOM_1.1|EN_NPi2020_3000f,MESSAGEix-GLOBIOM_1.1|EN_NPi2020_1000f_DR4p,53.39968409,23.21390806,30.18577603
MESSAGEix-GLOBIOM_1.1|EN_NPi2100,MESSAGEix-GLOBIOM_1.1|EN_NPi2020_1200,66.30378377,25.04751608,41.25626769
MESSAGEix-GLOBIOM_1.1|EN_NPi2100_COV,MESSAGEix-GLOBIOM_1.1|EN_NPi2020_1200_COV,62.48494098,25.55290968,36.9320313
MESSAGEix-GLOBIOM_1.1|EN_NPi2100,MESSAGEix-GLOBIOM_1.1|EN_NPi2020_1200f,66.30378377,28.50481759,37.79896618
MESSAGEix-GLOBIOM_1.1|EN_NPi2100_COV,MESSAGEix-GLOBIOM_1.1|EN_NPi2020_1200f_COV,62.48494098,28.5838795,33.90106148
MESSAGEix-GLOBIOM_1.1|EN_NPi2100,MESSAGEix-GLOBIOM_1.1|EN_NPi2020_1400,66.30378377,29.68792522,36.61585855
MESSAGEix-GLOBIOM_1.1|EN_NPi2100_COV,MESSAGEix-GLOBIOM_1.1|EN_NPi2020_1400_COV,62.48494098,30.33944263,32.14549835
MESSAGEix-GLOBIOM_1.1|EN_NPi2100,MESSAGEix-GLOBIOM_1.1|EN_NPi2020_1400f,66.30378377,32.30933154,33.99445223
MESSAGEix-GLOBIOM_1.1|EN_NPi2100_COV,MESSAGEix-GLOBIOM_1.1|EN_NPi2020_1400f_COV,62.48494098,32.45690498,30.028036
MESSAGEix-GLOBIOM_1.1|EN_NPi2100,MESSAGEix-GLOBIOM_1.1|EN_NPi2020_1600,66.30378377,34.43054459,31.87323918
MESSAGEix-GLOBIOM_1.1|EN_NPi2100_COV,MESSAGEix-GLOBIOM_1.1|EN_NPi2020_1600_COV,62.48494098,34.40045198,28.084489
MESSAGEix-GLOBIOM_1.1|EN_NPi2100,MESSAGEix-GLOBIOM_1.1|EN_NPi2020_1600f,66.30378377,35.6102207,30.69356307
MESSAGEix-GLOBIOM_1.1|EN_NPi2100_COV,MESSAGEix-GLOBIOM_1.1|EN_NPi2020_1600f_COV,62.48494098,35.0485405,27.43640048
MESSAGEix-GLOBIOM_1.1|EN_NPi2100,MESSAGEix-GLOBIOM_1.1|EN_NPi2020_1800,66.30378377,37.7015566,28.60222718
MESSAGEix-GLOBIOM_1.1|EN_NPi2100_COV,MESSAGEix-GLOBIOM_1.1|EN_NPi2020_1800_COV,62.48494098,37.36681166,25.11812932
MESSAGEix-GLOBIOM_1.1|EN_NPi2100,MESSAGEix-GLOBIOM_1.1|EN_NPi2020_1800f,66.30378377,38.28163142,28.02215235
MESSAGEix-GLOBIOM_1.1|EN_NPi2100_COV,MESSAGEix-GLOBIOM_1.1|EN_NPi2020_1800f_COV,62.48494098,37.60240276,24.88253822
MESSAGEix-GLOBIOM_1.1|EN_NPi2100,MESSAGEix-GLOBIOM_1.1|EN_NPi2020_2000,66.30378377,41.31941985,24.98436393
MESSAGEix-GLOBIOM_1.1|EN_NPi2100_COV,MESSAGEix-GLOBIOM_1.1|EN_NPi2020_2000_COV,62.48494098,40.82983883,21.65510215
MESSAGEix-GLOBIOM_1.1|EN_NPi2100,MESSAGEix-GLOBIOM_1.1|EN_NPi2020_2000f,66.30378377,41.65109262,24.65269115
MESSAGEix-GLOBIOM_1.1|EN_NPi2100_COV,MESSAGEix-GLOBIOM_1.1|EN_NPi2020_2000f_COV,62.48494098,40.8782072,21.60673378
MESSAGEix-GLOBIOM_1.1|EN_NPi2100,MESSAGEix-GLOBIOM_1.1|EN_NPi2020_2500,66.30378377,48.10423209,18.19955168
MESSAGEix-GLOBIOM_1.1|EN_NPi2100_COV,MESSAGEix-GLOBIOM_1.1|EN_NPi2020_2500_COV,62.48494098,47.14304181,15.34189917
MESSAGEix-GLOBIOM_1.1|EN_NPi2100,MESSAGEix-GLOBIOM_1.1|EN_NPi2020_2500f,66.30378377,47.72968379,18.57409999
MESSAGEix-GLOBIOM_1.1|EN_NPi2100_COV,MESSAGEix-GLOBIOM_1.1|EN_NPi2020_2500f_COV,62.48494098,46.36291074,16.12203024
MESSAGEix-GLOBIOM_1.1|EN_NPi2100,MESSAGEix-GLOBIOM_1.1|EN_NPi2020_3000,66.30378377,53.67955523,12.62422855
MESSAGEix-GLOBIOM_1.1|EN_NPi2100_COV,MESSAGEix-GLOBIOM_1.1|EN_NPi2020_3000_COV,62.48494098,52.15207956,10.33286141
MESSAGEix-GLOBIOM_1.1|EN_NPi2100,MESSAGEix-GLOBIOM_1.1|EN_NPi2020_3000f,66.30378377,53.39968409,12.90409968
MESSAGEix-GLOBIOM_1.1|EN_NPi2100_COV,MESSAGEix-GLOBIOM_1.1|EN_NPi2020_3000f_COV,62.48494098,51.91787162,10.56706936
MESSAGEix-GLOBIOM_1.1|NGFS2_Current Policies,MESSAGEix-GLOBIOM_1.1|NGFS2_Below 2°C,61.34905089,20.12152216,41.22752873
MESSAGEix-GLOBIOM_1.1|NGFS2_Current Policies,MESSAGEix-GLOBIOM_1.1|NGFS2_Delayed Transition,61.34905089,14.54174425,46.80730665
MESSAGEix-GLOBIOM_1.1|NGFS2_Current Policies,MESSAGEix-GLOBIOM_1.1|NGFS2_Divergent Net Zero Policies,61.34905089,8.178518348,53.17053255
MESSAGEix-GLOBIOM_1.1|NGFS2_Current Policies,MESSAGEix-GLOBIOM_1.1|NGFS2_Nationally Determined Contributions (NDCs),61.34905089,42.18984163,19.15920926
MESSAGEix-GLOBIOM_1.1|NGFS2_Current Policies,MESSAGEix-GLOBIOM_1.1|NGFS2_Net-Zero 2050,61.34905089,9.26505564,52.08399526
MESSAGEix-GLOBIOM_1.2|COV_GreenPush,MESSAGEix-GLOBIOM_1.2|COV_GreenPush_1000,64.62734197,20.30450176,44.32284021
MESSAGEix-GLOBIOM_1.2|COV_GreenPush,MESSAGEix-GLOBIOM_1.2|COV_GreenPush_550,64.62734197,7.522833604,57.10450837
MESSAGEix-GLOBIOM_1.2|COV_NoPolicyNoCOVID,MESSAGEix-GLOBIOM_1.2|COV_NoPolicyNoCOVID_1000,70.4918891,18.94159387,51.55029523
MESSAGEix-GLOBIOM_1.2|COV_NoPolicyNoCOVID,MESSAGEix-GLOBIOM_1.2|COV_NoPolicyNoCOVID_550,70.4918891,6.515212449,63.97667666
MESSAGEix-GLOBIOM_1.2|COV_Restore,MESSAGEix-GLOBIOM_1.2|COV_Restore_1000,67.41979488,19.94598646,47.47380842
MESSAGEix-GLOBIOM_1.2|COV_Restore,MESSAGEix-GLOBIOM_1.2|COV_Restore_550,67.41979488,7.215605704,60.20418918
MESSAGEix-GLOBIOM_1.2|COV_SelfReliance,MESSAGEix-GLOBIOM_1.2|COV_SelfReliance_1000,69.96369465,19.68130714,50.28238751
MESSAGEix-GLOBIOM_1.2|COV_SelfReliance,MESSAGEix-GLOBIOM_1.2|COV_SelfReliance_550,69.96369465,7.081367059,62.88232759
MESSAGEix-GLOBIOM_1.2|COV_SmartUse,MESSAGEix-GLOBIOM_1.2|COV_SmartUse_1000,67.44905696,19.95863034,47.49042662
MESSAGEix-GLOBIOM_1.2|COV_SmartUse,MESSAGEix-GLOBIOM_1.2|COV_SmartUse_550,67.44905696,7.264724491,60.18433247
MESSAGEix-GLOBIOM_GEI 1.0|SSP2_int_lc_15,MESSAGEix-GLOBIOM_GEI 1.0|SSP2_int_lc_50,40.56905506,19.12192599,21.44712907
MESSAGEix-GLOBIOM_GEI 1.0|SSP2_int_mc_15,MESSAGEix-GLOBIOM_GEI 1.0|SSP2_int_mc_50,39.80214773,18.87863841,20.92350932
MESSAGEix-GLOBIOM_GEI 1.0|SSP2_noint_lc_15,MESSAGEix-GLOBIOM_GEI 1.0|SSP2_noint_lc_50,40.75457642,19.22593098,21.52864544
MESSAGEix-GLOBIOM_GEI 1.0|SSP2_noint_mc_15,MESSAGEix-GLOBIOM_GEI 1.0|SSP2_noint_mc_50,40.03508097,19.04228713,20.99279383
MESSAGEix-GLOBIOM_GEI 1.0|SSP2_noint_mc_15,MESSAGEix-GLOBIOM_GEI 1.0|SSP2_openres_lc_100,40.03508097,13.74399517,26.29108579
MESSAGEix-GLOBIOM_GEI 1.0|SSP2_noint_mc_15,MESSAGEix-GLOBIOM_GEI 1.0|SSP2_openres_lc_120,40.03508097,12.7471815,27.28789947
MESSAGEix-GLOBIOM_GEI 1.0|SSP2_openres_lc_15,MESSAGEix-GLOBIOM_GEI 1.0|SSP2_openres_lc_50,39.16950559,20.98801224,18.18149335
MESSAGEix-GLOBIOM_GEI 1.0|SSP2_openres_lc_15,MESSAGEix-GLOBIOM_GEI 1.0|SSP2_openres_lc_80,39.16950559,15.32997612,23.83952947
MESSAGEix-GLOBIOM_GEI 1.0|SSP2_openres_lc_15,MESSAGEix-GLOBIOM_GEI 1.0|SSP2_openres_lc_CB400,39.16950559,9.087623669,30.08188192
MESSAGEix-GLOBIOM_GEI 1.0|SSP2_openres_lc_15,MESSAGEix-GLOBIOM_GEI 1.0|SSP2_openres_lc_CB450,39.16950559,9.396085062,29.77342053
MESSAGEix-GLOBIOM_GEI 1.0|SSP2_openres_lc_15,MESSAGEix-GLOBIOM_GEI 1.0|SSP2_openres_lc_CB500,39.16950559,9.800822847,29.36868274
MESSAGEix-GLOBIOM_GEI 1.0|SSP2_openres_lc_15,MESSAGEix-GLOBIOM_GEI 1.0|SSP2_openres_lc_CB550,39.16950559,10.17900516,28.99050043
MESSAGEix-GLOBIOM_GEI 1.0|SSP2_openres_lc_15,MESSAGEix-GLOBIOM_GEI 1.0|SSP2_openres_lc_CB600,39.16950559,10.57743869,28.5920669
MESSAGEix-GLOBIOM_GEI 1.0|SSP2_openres_mc_15,MESSAGEix-GLOBIOM_GEI 1.0|SSP2_openres_mc_50,39.13006897,18.97097576,20.15909321
POLES ADVANCE|ADVANCE_INDC,POLES ADVANCE|ADVANCE_2020_1.5C-2100,41.60263133,7.010476328,34.592155
POLES ADVANCE|ADVANCE_INDC,POLES ADVANCE|ADVANCE_2020_Med2C,41.60263133,26.86560096,14.73703038
POLES ADVANCE|ADVANCE_INDC,POLES ADVANCE|ADVANCE_2020_WB2C,41.60263133,17.26835242,24.33427891
POLES ADVANCE|ADVANCE_INDC,POLES ADVANCE|ADVANCE_2030_1.5C-2100,41.60263133,5.004770224,36.59786111
POLES ADVANCE|ADVANCE_INDC,POLES ADVANCE|ADVANCE_2030_Med2C,41.60263133,23.93471929,17.66791204
POLES ADVANCE|ADVANCE_INDC,POLES ADVANCE|ADVANCE_2030_Price1.5C,41.60263133,7.545641572,34.05698976
POLES ADVANCE|ADVANCE_INDC,POLES ADVANCE|ADVANCE_2030_WB2C,41.60263133,16.36019478,25.24243655
POLES EMF30|EMF30_Baseline,POLES EMF30|EMF30_D_CO2-Only,71.1724822,22.28482197,48.88766023
POLES EMF30|EMF30_Baseline,POLES EMF30|EMF30_Slower-to-faster,71.1724822,11.70116235,59.47131985
POLES EMF33|EMF33_Baseline,POLES EMF33|EMF33_Med2C_cost100,69.61371748,25.30936146,44.30435601
POLES EMF33|EMF33_Baseline,POLES EMF33|EMF33_Med2C_full,69.61371748,25.39913624,44.21458124
POLES EMF33|EMF33_Baseline,POLES EMF33|EMF33_Med2C_limbio,69.61371748,23.85418765,45.75952983
POLES EMF33|EMF33_Baseline,POLES EMF33|EMF33_Med2C_nobeccs,69.61371748,18.01539391,51.59832357
POLES EMF33|EMF33_Baseline,POLES EMF33|EMF33_Med2C_nofuel,69.61371748,25.41085242,44.20286505
POLES EMF33|EMF33_Baseline,POLES EMF33|EMF33_Med2C_none,69.61371748,17.50514099,52.10857648
POLES EMF33|EMF33_Baseline,POLES EMF33|EMF33_tax_hi_full,69.61371748,35.60738506,34.00633242
POLES EMF33|EMF33_Baseline,POLES EMF33|EMF33_tax_hi_none,69.61371748,37.04065298,32.5730645
POLES EMF33|EMF33_Baseline,POLES EMF33|EMF33_tax_lo_full,69.61371748,48.81892973,20.79478774
POLES EMF33|EMF33_Baseline,POLES EMF33|EMF33_tax_lo_none,69.61371748,48.89635335,20.71736413
POLES EMF33|EMF33_Baseline,POLES EMF33|EMF33_WB2C_cost100,69.61371748,14.69489087,54.91882661
POLES EMF33|EMF33_Baseline,POLES EMF33|EMF33_WB2C_full,69.61371748,15.01418138,54.5995361
POLES EMF33|EMF33_Baseline,POLES EMF33|EMF33_WB2C_nofuel,69.61371748,14.37695603,55.23676145
POLES ENGAGE|EN_INDCi2100,POLES ENGAGE|EN_INDCi2030_300f,56.25334948,14.44885597,41.80449351
POLES ENGAGE|EN_INDCi2100,POLES ENGAGE|EN_INDCi2030_400f,56.25334948,14.57340739,41.67994209
POLES ENGAGE|EN_INDCi2100,POLES ENGAGE|EN_INDCi2030_500f,56.25334948,15.33878059,40.9145689
POLES ENGAGE|EN_INDCi2100,POLES ENGAGE|EN_INDCi2030_600f,56.25334948,16.62354421,39.62980527
POLES ENGAGE|EN_INDCi2100_COV,POLES ENGAGE|EN_INDCi2030_600f_COV,52.69057085,15.29871907,37.39185178
POLES ENGAGE|EN_INDCi2100_COV_NDCp,POLES ENGAGE|EN_INDCi2030_600f_COV_NDCp,45.83675771,15.03588011,30.80087761
POLES ENGAGE|EN_INDCi2100_NDCp,POLES ENGAGE|EN_INDCi2030_600f_NDCp,48.46941265,16.19684055,32.2725721
POLES ENGAGE|EN_INDCi2100,POLES ENGAGE|EN_INDCi2030_700f,56.25334948,17.68443692,38.56891257
POLES ENGAGE|EN_INDCi2100,POLES ENGAGE|EN_INDCi2030_800f,56.25334948,18.89061781,37.36273168
POLES ENGAGE|EN_INDCi2100,POLES ENGAGE|EN_INDCi2030_900,56.25334948,14.8120898,41.44125968
POLES ENGAGE|EN_INDCi2100,POLES ENGAGE|EN_INDCi2030_900f,56.25334948,20.92015486,35.33319462
POLES ENGAGE|EN_INDCi2100,POLES ENGAGE|EN_INDCi2030_1000,56.25334948,18.22612987,38.02721961
POLES ENGAGE|EN_INDCi2100_COV,POLES ENGAGE|EN_INDCi2030_1000_COV,52.69057085,19.48979094,33.20077991
POLES ENGAGE|EN_INDCi2100_COV_NDCp,POLES ENGAGE|EN_INDCi2030_1000_COV_NDCp,45.83675771,19.30995402,26.52680369
POLES ENGAGE|EN_INDCi2100_NDCp,POLES ENGAGE|EN_INDCi2030_1000_NDCp,48.46941265,19.23281612,29.23659653
POLES ENGAGE|EN_INDCi2100,POLES ENGAGE|EN_INDCi2030_1000f,56.25334948,22.49001958,33.76332991
POLES ENGAGE|EN_INDCi2100_COV,POLES ENGAGE|EN_INDCi2030_1000f_COV,52.69057085,22.56141401,30.12915684
POLES ENGAGE|EN_INDCi2100_COV_NDCp,POLES ENGAGE|EN_INDCi2030_1000f_COV_NDCp,45.83675771,22.76653992,23.07021779
POLES ENGAGE|EN_INDCi2100_NDCp,POLES ENGAGE|EN_INDCi2030_1000f_NDCp,48.46941265,23.2980647,25.17134795
POLES ENGAGE|EN_INDCi2100,POLES ENGAGE|EN_INDCi2030_1200,56.25334948,23.78506092,32.46828856
POLES ENGAGE|EN_INDCi2100,POLES ENGAGE|EN_INDCi2030_1200f,56.25334948,26.13354707,30.11980241
POLES ENGAGE|EN_INDCi2100,POLES ENGAGE|EN_INDCi2030_1400,56.25334948,29.84640542,26.40694407
POLES ENGAGE|EN_INDCi2100,POLES ENGAGE|EN_INDCi2030_1400f,56.25334948,29.20329139,27.05005809
POLES ENGAGE|EN_INDCi2100,POLES ENGAGE|EN_INDCi2030_1600,56.25334948,33.62775221,22.62559727
POLES ENGAGE|EN_INDCi2100,POLES ENGAGE|EN_INDCi2030_1600f,56.25334948,33.62775221,22.62559727
POLES ENGAGE|EN_INDCi2100,POLES ENGAGE|EN_INDCi2030_1800,56.25334948,35.91564749,20.33770199
POLES ENGAGE|EN_INDCi2100,POLES ENGAGE|EN_INDCi2030_1800f,56.25334948,35.91564749,20.33770199
POLES ENGAGE|EN_INDCi2100,POLES ENGAGE|EN_INDCi2030_2000,56.25334948,37.78042259,18.47292689
POLES ENGAGE|EN_INDCi2100,POLES ENGAGE|EN_INDCi2030_2000f,56.25334948,37.78042259,18.47292689
POLES ENGAGE|EN_INDCi2100,POLES ENGAGE|EN_INDCi2030_2500,56.25334948,44.50493636,11.74841313
POLES ENGAGE|EN_INDCi2100,POLES ENGAGE|EN_INDCi2030_2500f,56.25334948,44.50493636,11.74841313
POLES ENGAGE|EN_INDCi2100,POLES ENGAGE|EN_INDCi2030_3000,56.25334948,51.94587034,4.307479145
POLES ENGAGE|EN_INDCi2100,POLES ENGAGE|EN_INDCi2030_3000f,56.25334948,51.94587034,4.307479145
POLES ENGAGE|EN_NPi2020_3000f,POLES ENGAGE|EN_NPi2020_300f,48.46341377,13.52325973,34.94015404
POLES ENGAGE|EN_NPi2020_3000f,POLES ENGAGE|EN_NPi2020_400f,48.46341377,13.30729277,35.156121
POLES ENGAGE|EN_NPi2020_3000,POLES ENGAGE|EN_NPi2020_500,48.46341377,12.20807162,36.25534215
POLES ENGAGE|EN_NPi2020_3000f,POLES ENGAGE|EN_NPi2020_500f,48.46341377,14.35299555,34.11041822
POLES ENGAGE|EN_NPi2020_3000,POLES ENGAGE|EN_NPi2020_600,48.46341377,13.41368959,35.04972418
POLES ENGAGE|EN_NPi2020_3000f,POLES ENGAGE|EN_NPi2020_600f,48.46341377,15.97838515,32.48502862
POLES ENGAGE|EN_NPi2100_COV,POLES ENGAGE|EN_NPi2020_600f_COV,65.63277081,15.56109976,50.07167106
POLES ENGAGE|EN_NPi2020_3000,POLES ENGAGE|EN_NPi2020_700,48.46341377,14.10412351,34.35929026
POLES ENGAGE|EN_NPi2020_3000f,POLES ENGAGE|EN_NPi2020_700f,48.46341377,17.60999178,30.85342199
POLES ENGAGE|EN_NPi2020_3000,POLES ENGAGE|EN_NPi2020_800,48.46341377,16.52041293,31.94300084
POLES ENGAGE|EN_NPi2020_3000f,POLES ENGAGE|EN_NPi2020_800f,48.46341377,20.09105349,28.37236028
POLES ENGAGE|EN_NPi2020_3000,POLES ENGAGE|EN_NPi2020_900,48.46341377,17.69059107,30.7728227
POLES ENGAGE|EN_NPi2020_3000f,POLES ENGAGE|EN_NPi2020_900f,48.46341377,21.91296432,26.55044945
POLES ENGAGE|EN_NPi2100,POLES ENGAGE|EN_NPi2020_1000,69.35450633,19.30306418,50.05144215
POLES ENGAGE|EN_NPi2100_COV,POLES ENGAGE|EN_NPi2020_1000_COV,65.63277081,19.74607294,45.88669788
POLES ENGAGE|EN_NPi2100,POLES ENGAGE|EN_NPi2020_1000f,69.35450633,23.57787426,45.77663207
POLES ENGAGE|EN_NPi2100_COV,POLES ENGAGE|EN_NPi2020_1000f_COV,65.63277081,23.73639286,41.89637796
POLES ENGAGE|EN_NPi2100,POLES ENGAGE|EN_NPi2020_1200,69.35450633,24.93405381,44.42045252
POLES ENGAGE|EN_NPi2100,POLES ENGAGE|EN_NPi2020_1200f,69.35450633,28.06932393,41.2851824
POLES ENGAGE|EN_NPi2100,POLES ENGAGE|EN_NPi2020_1400,69.35450633,30.73541068,38.61909565
POLES ENGAGE|EN_NPi2100,POLES ENGAGE|EN_NPi2020_1400f,69.35450633,31.75428927,37.60021706
POLES ENGAGE|EN_NPi2100,POLES ENGAGE|EN_NPi2020_1600,69.35450633,34.14776708,35.20673925
POLES ENGAGE|EN_NPi2100,POLES ENGAGE|EN_NPi2020_1600f,69.35450633,34.14776527,35.20674106
POLES ENGAGE|EN_NPi2100,POLES ENGAGE|EN_NPi2020_1800,69.35450633,36.84884566,32.50566066
POLES ENGAGE|EN_NPi2100,POLES ENGAGE|EN_NPi2020_1800f,69.35450633,36.84884566,32.50566066
POLES ENGAGE|EN_NPi2100,POLES ENGAGE|EN_NPi2020_2000,69.35450633,39.82851733,29.525989
POLES ENGAGE|EN_NPi2100,POLES ENGAGE|EN_NPi2020_2000f,69.35450633,39.82851733,29.525989
POLES ENGAGE|EN_NPi2100,POLES ENGAGE|EN_NPi2020_2500,69.35450633,46.69341869,22.66108764
POLES ENGAGE|EN_NPi2100,POLES ENGAGE|EN_NPi2020_2500f,69.35450633,46.69341869,22.66108764
POLES ENGAGE|EN_NPi2100,POLES ENGAGE|EN_NPi2020_3000,69.35450633,48.46341377,20.89109256
POLES ENGAGE|EN_NPi2100,POLES ENGAGE|EN_NPi2020_3000f,69.35450633,48.46341377,20.89109256
POLES GECO2019|CO_CurPol,POLES GECO2019|CO_2Deg2020,68.4985667,18.67557442,49.82299228
POLES GECO2019|CO_CurPol,POLES GECO2019|CO_2Deg2030,68.4985667,17.57017611,50.92839059
POLES GECO2019|CO_CurPol,POLES GECO2019|CO_Bridge,68.4985667,21.12352735,47.37503934
POLES GECO2019|CO_CurPol,POLES GECO2019|CO_Bridge_notax,68.4985667,17.56850918,50.93005752
POLES GECO2019|CO_CurPol,POLES GECO2019|CO_GPP,68.4985667,37.68461089,30.81395581
POLES GECO2019|CO_CurPol,POLES GECO2019|CO_GPP_notax,68.4985667,60.43164965,8.066917051
POLES GECO2019|CO_CurPol,POLES GECO2019|CO_NDC_2050convergence,68.4985667,51.37791111,17.12065559
POLES GECO2019|CO_CurPol,POLES GECO2019|CO_NDCplus,68.4985667,56.25413841,12.24442829
REMIND 1.6|EMF30_Slower-Action,REMIND 1.6|EMF30_Slower-to-faster,55.49563307,26.09088502,29.40474806
REMIND 1.6|EMF30_Slower-Action,REMIND 1.6|EMF30_Slower-to-faster+SLCF,55.49563307,25.23459541,30.26103766
REMIND 1.6|EMF30_Slower-Action,REMIND 1.6|EMF30_Slower-to-faster+SLCF+HFC,55.49563307,25.23840463,30.25722845
REMIND 1.7|ADVANCE_INDC,REMIND 1.7|ADVANCE_2020_1.5C-2100,56.26323042,4.153974938,52.10925548
REMIND 1.7|ADVANCE_INDC,REMIND 1.7|ADVANCE_2020_Med2C,56.26323042,25.48404965,30.77918077
REMIND 1.7|ADVANCE_INDC,REMIND 1.7|ADVANCE_2020_WB2C,56.26323042,15.42096122,40.8422692
REMIND 1.7|ADVANCE_INDC,REMIND 1.7|ADVANCE_2030_1.5C-2100,56.26323042,0.271100351,55.99213007
REMIND 1.7|ADVANCE_INDC,REMIND 1.7|ADVANCE_2030_Med2C,56.26323042,25.4019456,30.86128482
REMIND 1.7|ADVANCE_INDC,REMIND 1.7|ADVANCE_2030_Price1.5C,56.26323042,6.745286154,49.51794427
REMIND 1.7|ADVANCE_INDC,REMIND 1.7|ADVANCE_2030_WB2C,56.26323042,13.60723131,42.65599911
REMIND 1.7|CEMICS-Ref,REMIND 1.7|CEMICS-1.5-CDR12,78.68498347,2.081521686,76.60346179
REMIND 1.7|CEMICS-Ref,REMIND 1.7|CEMICS-1.5-CDR20,78.68498347,7.501032459,71.18395101
REMIND 1.7|CEMICS-Ref,REMIND 1.7|CEMICS-1.5-CDR8,78.68498347,1.183251543,77.50173193
REMIND 1.7|CEMICS-Ref,REMIND 1.7|CEMICS-2.0-CDR12,78.68498347,15.87070523,62.81427824
REMIND 1.7|CEMICS-Ref,REMIND 1.7|CEMICS-2.0-CDR20,78.68498347,21.21917661,57.46580687
REMIND 1.7|CEMICS-Ref,REMIND 1.7|CEMICS-2.0-CDR8,78.68498347,12.28401421,66.40096927
REMIND 2.1|CEMICS_NPI,REMIND 2.1|CEMICS_GDPgrowth_1p5,69.84387348,11.63469789,58.20917559
REMIND 2.1|CEMICS_NPI,REMIND 2.1|CEMICS_GDPgrowth_2C,69.84387348,22.28961529,47.55425819
REMIND 2.1|CEMICS_NPI,REMIND 2.1|CEMICS_HotellingConst_1p5,69.84387348,7.205394029,62.63847945
REMIND 2.1|CEMICS_NPI,REMIND 2.1|CEMICS_HotellingConst_2C,69.84387348,22.35860747,47.48526601
REMIND 2.1|CEMICS_NPI,REMIND 2.1|CEMICS_Linear_1p5,69.84387348,9.755861607,60.08801187
REMIND 2.1|CEMICS_NPI,REMIND 2.1|CEMICS_Linear_2C,69.84387348,22.29272389,47.55114959
REMIND 2.1|CEMICS_NPI,REMIND 2.1|CEMICS_opt_1p5,69.84387348,10.13116826,59.71270523
REMIND 2.1|CEMICS_NPI,REMIND 2.1|CEMICS_opt_2C,69.84387348,22.94204256,46.90183093
REMIND 2.1|LeastTotalCost_NDC_brkLR15_SSP2_P50,REMIND 2.1|LeastTotalCost_CBA_brkLR15_SSP2_P50,45.01170268,20.08275598,24.9289467
REMIND 2.1|LeastTotalCost_NDC_brkSR15_SSP2_P50,REMIND 2.1|LeastTotalCost_CBA_brkSR15_SSP2_P50,44.66043748,26.03742037,18.62301711
REMIND 2.1|LeastTotalCost_NDC_brkLR15_SSP2_P50,REMIND 2.1|LeastTotalCost_CEA_brkLR15_SSP2_P50,45.01170268,23.01091016,22.00079252
REMIND 2.1|LeastTotalCost_NDC_brkSR15_SSP2_P50,REMIND 2.1|LeastTotalCost_CEA_brkSR15_SSP2_P50,44.66043748,23.06240144,21.59803604
REMIND 2.1|LeastTotalCost_NPi_brkLR15_SSP1_P50,REMIND 2.1|LeastTotalCost_LTC_brkLR15_SSP1_P50,47.47174579,16.92242236,30.54932343
REMIND 2.1|LeastTotalCost_NDC_brkLR15_SSP2_P50,REMIND 2.1|LeastTotalCost_LTC_brkLR15_SSP2_P50,45.01170268,20.07314669,24.938556
REMIND 2.1|LeastTotalCost_NPi_brkLR15_SSP5_P50,REMIND 2.1|LeastTotalCost_LTC_brkLR15_SSP5_P50,96.31519185,22.99919136,73.31600049
REMIND 2.1|LeastTotalCost_NPi_brkSR15_SSP1_P50,REMIND 2.1|LeastTotalCost_LTC_brkSR15_SSP1_P50,48.21252322,21.29257964,26.91994358
REMIND 2.1|LeastTotalCost_NDC_brkSR15_SSP2_P50,REMIND 2.1|LeastTotalCost_LTC_brkSR15_SSP2_P50,44.66043748,23.19565754,21.46477994
REMIND 2.1|LeastTotalCost_NPi_brkSR15_SSP5_P50,REMIND 2.1|LeastTotalCost_LTC_brkSR15_SSP5_P50,97.73862954,23.43345843,74.3051711
REMIND 2.1|R2p1_SSP1-NPi,REMIND 2.1|R2p1_SSP1-PkBudg1100,47.06210771,14.88336571,32.178742
REMIND 2.1|R2p1_SSP1-NPi,REMIND 2.1|R2p1_SSP1-PkBudg1300,47.06210771,19.11946635,27.94264137
REMIND 2.1|R2p1_SSP1-NPi,REMIND 2.1|R2p1_SSP1-PkBudg900,47.06210771,9.267767762,37.79433995
REMIND 2.1|R2p1_SSP2-NPi,REMIND 2.1|R2p1_SSP2-PkBudg1100,64.25777372,15.74737749,48.51039622
REMIND 2.1|R2p1_SSP2-NPi,REMIND 2.1|R2p1_SSP2-PkBudg1300,64.25777372,20.01652544,44.24124827
REMIND 2.1|R2p1_SSP2-NPi,REMIND 2.1|R2p1_SSP2-PkBudg900,64.25777372,10.2934496,53.96432411
REMIND 2.1|R2p1_SSP5-NDC,REMIND 2.1|R2p1_SSP5-PkBudg1100,68.09581683,13.28707266,54.80874417
REMIND 2.1|R2p1_SSP5-NDC,REMIND 2.1|R2p1_SSP5-PkBudg1300,68.09581683,19.69465241,48.40116441
REMIND 2.1|R2p1_SSP5-NDC,REMIND 2.1|R2p1_SSP5-PkBudg900,68.09581683,5.663097157,62.43271967
REMIND 2.1|R2p1_SSP2-NPi,REMIND 2.1|TechCost-SSP2-B1100-bioH,64.25777372,15.51523749,48.74253623
REMIND 2.1|R2p1_SSP2-NPi,REMIND 2.1|TechCost-SSP2-B1100-ccsH,64.25777372,14.83687383,49.42089989
REMIND 2.1|R2p1_SSP2-NPi,REMIND 2.1|TechCost-SSP2-B1100-coalH,64.25777372,14.9832049,49.27456881
REMIND 2.1|R2p1_SSP2-NPi,REMIND 2.1|TechCost-SSP2-B1100-elh2H,64.25777372,15.4392762,48.81849752
REMIND 2.1|R2p1_SSP2-NPi,REMIND 2.1|TechCost-SSP2-B1100-gasH,64.25777372,15.20365035,49.05412337
REMIND 2.1|R2p1_SSP2-NPi,REMIND 2.1|TechCost-SSP2-B1100-nucH,64.25777372,15.29649967,48.96127405
REMIND 2.1|R2p1_SSP2-NPi,REMIND 2.1|TechCost-SSP2-B1100-oilH,64.25777372,15.14921041,49.1085633
REMIND 2.1|R2p1_SSP2-NPi,REMIND 2.1|TechCost-SSP2-B1100-spvH,64.25777372,15.4369071,48.82086661
REMIND 2.1|R2p1_SSP2-NPi,REMIND 2.1|TechCost-SSP2-B1100-windH,64.25777372,15.54199853,48.71577519
REMIND-Buildings 2.0|BEG-EG,REMIND-Buildings 2.0|BEG-Budg600,78.20406057,11.46357517,66.74048541
REMIND-Buildings 2.0|BEG-EG,REMIND-Buildings 2.0|BEG-Budg600-EG,78.20406057,12.28412147,65.91993911
REMIND-MAgPIE 1.5|SSP1-34,REMIND-MAgPIE 1.5|SSP1-19,47.27682418,11.35626543,35.92055875
REMIND-MAgPIE 1.5|SSP1-45,REMIND-MAgPIE 1.5|SSP1-26,57.10822673,30.74803292,26.36019381
REMIND-MAgPIE 1.5|SSP1-Baseline,REMIND-MAgPIE 1.5|SSP1-34,66.22012123,47.27682418,18.94329705
REMIND-MAgPIE 1.5|SSP1-Baseline,REMIND-MAgPIE 1.5|SSP1-45,66.22012123,57.10822673,9.1118945
REMIND-MAgPIE 1.5|SSP2-34,REMIND-MAgPIE 1.5|SSP2-19,39.93902094,0.081074321,39.85794662
REMIND-MAgPIE 1.5|SSP2-45,REMIND-MAgPIE 1.5|SSP2-26,50.64779077,28.48605138,22.16173939
REMIND-MAgPIE 1.5|SSP2-60,REMIND-MAgPIE 1.5|SSP2-34,69.9273767,39.93902094,29.98835577
REMIND-MAgPIE 1.5|SSP2-Baseline,REMIND-MAgPIE 1.5|SSP2-45,81.11818292,50.64779077,30.47039214
REMIND-MAgPIE 1.5|SSP2-Baseline,REMIND-MAgPIE 1.5|SSP2-60,81.11818292,69.9273767,11.19080621
REMIND-MAgPIE 1.5|SSP5-34,REMIND-MAgPIE 1.5|SSP5-19,47.98989727,9.926748979,38.06314829
REMIND-MAgPIE 1.5|SSP5-45,REMIND-MAgPIE 1.5|SSP5-26,55.94484188,34.65425249,21.29058938
REMIND-MAgPIE 1.5|SSP5-60,REMIND-MAgPIE 1.5|SSP5-34,75.09497254,47.98989727,27.10507527
REMIND-MAgPIE 1.5|SSP5-Baseline,REMIND-MAgPIE 1.5|SSP5-45,109.832455,55.94484188,53.88761316
REMIND-MAgPIE 1.5|SSP5-Baseline,REMIND-MAgPIE 1.5|SSP5-60,109.832455,75.09497254,34.7374825
REMIND-MAgPIE 1.7-3.0|CD-LINKS_INDCi,REMIND-MAgPIE 1.7-3.0|CD-LINKS_INDC2030i_1000,61.29592432,15.45078524,45.84513908
REMIND-MAgPIE 1.7-3.0|CD-LINKS_INDCi,REMIND-MAgPIE 1.7-3.0|CD-LINKS_INDC2030i_1600,61.29592432,26.09763284,35.19829148
REMIND-MAgPIE 1.7-3.0|CD-LINKS_INDCi,REMIND-MAgPIE 1.7-3.0|CD-LINKS_INDC2030i_400,61.29592432,2.84688392,58.4490404
REMIND-MAgPIE 1.7-3.0|CD-LINKS_INDCi,REMIND-MAgPIE 1.7-3.0|CD-LINKS_NDC2030i_1000,61.29592432,15.45078524,45.84513908
REMIND-MAgPIE 1.7-3.0|CD-LINKS_NPi,REMIND-MAgPIE 1.7-3.0|CD-LINKS_NPi2020_1000,74.02186589,17.0857878,56.93607808
REMIND-MAgPIE 1.7-3.0|CD-LINKS_NPi,REMIND-MAgPIE 1.7-3.0|CD-LINKS_NPi2020_1600,74.02186589,27.54872628,46.4731396
REMIND-MAgPIE 1.7-3.0|CD-LINKS_NPi,REMIND-MAgPIE 1.7-3.0|CD-LINKS_NPi2020_400,74.02186589,6.581511487,67.4403544
REMIND-MAgPIE 1.7-3.0|CO_NDCplus,REMIND-MAgPIE 1.7-3.0|CO_2Deg2020,58.2703658,16.2994525,41.9709133
REMIND-MAgPIE 1.7-3.0|CO_NDCplus,REMIND-MAgPIE 1.7-3.0|CO_2Deg2030,58.2703658,14.94299869,43.32736711
REMIND-MAgPIE 1.7-3.0|CO_NDCplus,REMIND-MAgPIE 1.7-3.0|CO_Bridge,58.2703658,14.61420148,43.65616432
REMIND-MAgPIE 1.7-3.0|CO_NDCplus,REMIND-MAgPIE 1.7-3.0|CO_GPP,58.2703658,35.48765109,22.78271471
REMIND-MAgPIE 1.7-3.0|EMF33_tax_lo_none,REMIND-MAgPIE 1.7-3.0|EMF33_1.5C_cost100,44.89097269,13.98804711,30.90292559
REMIND-MAgPIE 1.7-3.0|EMF33_tax_lo_none,REMIND-MAgPIE 1.7-3.0|EMF33_1.5C_full,44.89097269,12.46129287,32.42967982
REMIND-MAgPIE 1.7-3.0|EMF33_tax_lo_none,REMIND-MAgPIE 1.7-3.0|EMF33_1.5C_nofuel,44.89097269,8.482787544,36.40818515
REMIND-MAgPIE 1.7-3.0|EMF33_tax_lo_none,REMIND-MAgPIE 1.7-3.0|EMF33_Med2C_cost100,44.89097269,35.01470975,9.876262942
REMIND-MAgPIE 1.7-3.0|EMF33_tax_lo_none,REMIND-MAgPIE 1.7-3.0|EMF33_Med2C_full,44.89097269,36.07081146,8.820161235
REMIND-MAgPIE 1.7-3.0|EMF33_tax_lo_none,REMIND-MAgPIE 1.7-3.0|EMF33_Med2C_limbio,44.89097269,26.63246676,18.25850593
REMIND-MAgPIE 1.7-3.0|EMF33_tax_lo_none,REMIND-MAgPIE 1.7-3.0|EMF33_Med2C_nobeccs,44.89097269,28.18200682,16.70896587
REMIND-MAgPIE 1.7-3.0|EMF33_tax_lo_none,REMIND-MAgPIE 1.7-3.0|EMF33_Med2C_nofuel,44.89097269,32.32640886,12.56456383
REMIND-MAgPIE 1.7-3.0|EMF33_tax_lo_none,REMIND-MAgPIE 1.7-3.0|EMF33_Med2C_none,44.89097269,25.86490218,19.02607051
REMIND-MAgPIE 1.7-3.0|EMF33_tax_lo_none,REMIND-MAgPIE 1.7-3.0|EMF33_tax_hi_full,44.89097269,26.15534009,18.7356326
REMIND-MAgPIE 1.7-3.0|EMF33_tax_lo_none,REMIND-MAgPIE 1.7-3.0|EMF33_tax_hi_none,44.89097269,29.15887484,15.73209785
REMIND-MAgPIE 1.7-3.0|EMF33_tax_lo_none,REMIND-MAgPIE 1.7-3.0|EMF33_tax_lo_full,44.89097269,43.46547872,1.425493972
REMIND-MAgPIE 1.7-3.0|EMF33_tax_lo_none,REMIND-MAgPIE 1.7-3.0|EMF33_WB2C_cost100,44.89097269,27.39175026,17.49922244
REMIND-MAgPIE 1.7-3.0|EMF33_tax_lo_none,REMIND-MAgPIE 1.7-3.0|EMF33_WB2C_full,44.89097269,26.41108112,18.47989157
REMIND-MAgPIE 1.7-3.0|EMF33_tax_lo_none,REMIND-MAgPIE 1.7-3.0|EMF33_WB2C_limbio,44.89097269,14.88504498,30.00592771
REMIND-MAgPIE 1.7-3.0|EMF33_tax_lo_none,REMIND-MAgPIE 1.7-3.0|EMF33_WB2C_nobeccs,44.89097269,16.83661888,28.05435381
REMIND-MAgPIE 1.7-3.0|EMF33_tax_lo_none,REMIND-MAgPIE 1.7-3.0|EMF33_WB2C_nofuel,44.89097269,22.942832,21.94814069
REMIND-MAgPIE 1.7-3.0|EMF33_tax_lo_none,REMIND-MAgPIE 1.7-3.0|EMF33_WB2C_none,44.89097269,14.15298762,30.73798507
REMIND-MAgPIE 1.7-3.0|PEP_NDC,REMIND-MAgPIE 1.7-3.0|PEP_1p5C_full_eff,58.2703658,6.015324252,52.25504155
REMIND-MAgPIE 1.7-3.0|PEP_NDC,REMIND-MAgPIE 1.7-3.0|PEP_1p5C_full_goodpractice,58.2703658,4.155122057,54.11524374
REMIND-MAgPIE 1.7-3.0|PEP_NDC,REMIND-MAgPIE 1.7-3.0|PEP_1p5C_full_NDC,58.2703658,2.19044015,56.07992565
REMIND-MAgPIE 1.7-3.0|PEP_NDC,REMIND-MAgPIE 1.7-3.0|PEP_1p5C_full_netzero,58.2703658,6.410773036,51.85959276
REMIND-MAgPIE 1.7-3.0|PEP_NDC,REMIND-MAgPIE 1.7-3.0|PEP_1p5C_red_eff,58.2703658,0.034642108,58.23572369
REMIND-MAgPIE 1.7-3.0|PEP_NDC,REMIND-MAgPIE 1.7-3.0|PEP_2C_full_eff,58.2703658,16.2994525,41.9709133
REMIND-MAgPIE 1.7-3.0|PEP_NDC,REMIND-MAgPIE 1.7-3.0|PEP_2C_full_goodpractice,58.2703658,16.01090539,42.25946041
REMIND-MAgPIE 1.7-3.0|PEP_NDC,REMIND-MAgPIE 1.7-3.0|PEP_2C_full_NDC,58.2703658,14.94299869,43.32736711
REMIND-MAgPIE 1.7-3.0|PEP_NDC,REMIND-MAgPIE 1.7-3.0|PEP_2C_full_netzero,58.2703658,16.07348689,42.19687891
REMIND-MAgPIE 1.7-3.0|PEP_NDC,REMIND-MAgPIE 1.7-3.0|PEP_2C_red_eff,58.2703658,9.781844799,48.488521
REMIND-MAgPIE 1.7-3.0|PEP_NDC,REMIND-MAgPIE 1.7-3.0|PEP_2C_red_goodpractice,58.2703658,7.336310927,50.93405487
REMIND-MAgPIE 1.7-3.0|PEP_NDC,REMIND-MAgPIE 1.7-3.0|PEP_2C_red_NDC,58.2703658,5.2956819,52.9746839
REMIND-MAgPIE 1.7-3.0|PEP_NDC,REMIND-MAgPIE 1.7-3.0|PEP_2C_red_netzero,58.2703658,8.430460255,49.83990555
REMIND-MAgPIE 1.7-3.0|PEP_NDC,REMIND-MAgPIE 1.7-3.0|PEP_goodpractice,58.2703658,42.8443561,15.4260097
REMIND-MAgPIE 1.7-3.0|PEP_NDC,REMIND-MAgPIE 1.7-3.0|PEP_netzero,58.2703658,35.27610466,22.99426114
REMIND-MAgPIE 1.7-3.0|SMP_REF_Sust,REMIND-MAgPIE 1.7-3.0|SMP_2C_lifesty,72.50784641,14.54134103,57.96650538
REMIND-MAgPIE 2.0-4.1|Diff_No-policy_baseline,REMIND-MAgPIE 2.0-4.1|Diff_1300Gt_hybrid_def,83.46515748,22.41639547,61.04876202
REMIND-MAgPIE 2.0-4.1|Diff_No-policy_baseline,REMIND-MAgPIE 2.0-4.1|Diff_1300Gt_no-transfer_def,83.46515748,23.84568565,59.61947184
REMIND-MAgPIE 2.0-4.1|Diff_No-policy_baseline,REMIND-MAgPIE 2.0-4.1|Diff_1300Gt_uniform-pricing_def,83.46515748,22.20882187,61.25633562
REMIND-MAgPIE 2.1-4.2|CEMICS_SSP1-Npi,REMIND-MAgPIE 2.1-4.2|CEMICS_SSP1-1p5C-fullCDR,50.98971018,8.031828082,42.9578821
REMIND-MAgPIE 2.1-4.2|CEMICS_SSP1-Npi,REMIND-MAgPIE 2.1-4.2|CEMICS_SSP1-1p5C-minCDR,50.98971018,9.78532611,41.20438407
REMIND-MAgPIE 2.1-4.2|CEMICS_SSP2-Npi,REMIND-MAgPIE 2.1-4.2|CEMICS_SSP2-1p5C-fullCDR,70.10727032,9.361736384,60.74553394
REMIND-MAgPIE 2.1-4.2|CEMICS_SSP2-Npi,REMIND-MAgPIE 2.1-4.2|CEMICS_SSP2-1p5C-minCDR,70.10727032,13.14062325,56.96664707
REMIND-MAgPIE 2.1-4.2|CEMICS_SSP2-Npi,REMIND-MAgPIE 2.1-4.2|CEMICS_SSP2-2C-fullCDR,70.10727032,20.96014735,49.14712298
REMIND-MAgPIE 2.1-4.2|CEMICS_SSP2-Npi,REMIND-MAgPIE 2.1-4.2|CEMICS_SSP2-2C-minCDR,70.10727032,18.85779849,51.24947183
REMIND-MAgPIE 2.1-4.2|EN_INDCi2100,REMIND-MAgPIE 2.1-4.2|EN_INDCi2030_300f,41.74391344,12.21237793,29.53153551
REMIND-MAgPIE 2.1-4.2|EN_INDCi2100,REMIND-MAgPIE 2.1-4.2|EN_INDCi2030_400f,41.74391344,12.22546228,29.51845116
REMIND-MAgPIE 2.1-4.2|EN_INDCi2100,REMIND-MAgPIE 2.1-4.2|EN_INDCi2030_500f,41.74391344,13.61493434,28.1289791
REMIND-MAgPIE 2.1-4.2|EN_INDCi2100_COV,REMIND-MAgPIE 2.1-4.2|EN_INDCi2030_600_COV,40.60609989,8.235319748,32.37078014
REMIND-MAgPIE 2.1-4.2|EN_INDCi2100_COV_NDCp,REMIND-MAgPIE 2.1-4.2|EN_INDCi2030_600_COV_NDCp,39.87254944,8.059723783,31.81282566
REMIND-MAgPIE 2.1-4.2|EN_INDCi2100,REMIND-MAgPIE 2.1-4.2|EN_INDCi2030_600f,41.74391344,14.89217352,26.85173992
REMIND-MAgPIE 2.1-4.2|EN_INDCi2100_COV,REMIND-MAgPIE 2.1-4.2|EN_INDCi2030_600f_COV,40.60609989,16.5825628,24.02353709
REMIND-MAgPIE 2.1-4.2|EN_INDCi2100_COV_NDCp,REMIND-MAgPIE 2.1-4.2|EN_INDCi2030_600f_COV_NDCp,39.87254944,16.55388007,23.31866937
REMIND-MAgPIE 2.1-4.2|EN_INDCi2100_NDCp,REMIND-MAgPIE 2.1-4.2|EN_INDCi2030_600f_NDCp,40.98888484,14.99723675,25.99164808
REMIND-MAgPIE 2.1-4.2|EN_INDCi2100,REMIND-MAgPIE 2.1-4.2|EN_INDCi2030_700,41.74391344,8.322744833,33.4211686
REMIND-MAgPIE 2.1-4.2|EN_INDCi2100,REMIND-MAgPIE 2.1-4.2|EN_INDCi2030_700f,41.74391344,16.51391973,25.22999371
REMIND-MAgPIE 2.1-4.2|EN_INDCi2100,REMIND-MAgPIE 2.1-4.2|EN_INDCi2030_800,41.74391344,9.413315654,32.33059778
REMIND-MAgPIE 2.1-4.2|EN_INDCi2100,REMIND-MAgPIE 2.1-4.2|EN_INDCi2030_800f,41.74391344,17.62309013,24.1208233
REMIND-MAgPIE 2.1-4.2|EN_INDCi2100,REMIND-MAgPIE 2.1-4.2|EN_INDCi2030_900,41.74391344,15.61054954,26.13336389
REMIND-MAgPIE 2.1-4.2|EN_INDCi2100,REMIND-MAgPIE 2.1-4.2|EN_INDCi2030_900f,41.74391344,17.94436597,23.79954746
REMIND-MAgPIE 2.1-4.2|EN_INDCi2100,REMIND-MAgPIE 2.1-4.2|EN_INDCi2030_1000,41.74391344,20.01589366,21.72801978
REMIND-MAgPIE 2.1-4.2|EN_INDCi2100_COV,REMIND-MAgPIE 2.1-4.2|EN_INDCi2030_1000_COV,40.60609989,22.37892172,18.22717817
REMIND-MAgPIE 2.1-4.2|EN_INDCi2100_COV_NDCp,REMIND-MAgPIE 2.1-4.2|EN_INDCi2030_1000_COV_NDCp,39.87254944,21.16608652,18.70646292
REMIND-MAgPIE 2.1-4.2|EN_INDCi2100_NDCp,REMIND-MAgPIE 2.1-4.2|EN_INDCi2030_1000_NDCp,40.98888484,18.67343933,22.31544551
REMIND-MAgPIE 2.1-4.2|EN_INDCi2100,REMIND-MAgPIE 2.1-4.2|EN_INDCi2030_1000f,41.74391344,20.4461262,21.29778723
REMIND-MAgPIE 2.1-4.2|EN_INDCi2100_COV,REMIND-MAgPIE 2.1-4.2|EN_INDCi2030_1000f_COV,40.60609989,21.69337894,18.91272095
REMIND-MAgPIE 2.1-4.2|EN_INDCi2100_COV_NDCp,REMIND-MAgPIE 2.1-4.2|EN_INDCi2030_1000f_COV_NDCp,39.87254944,21.66437083,18.20817861
REMIND-MAgPIE 2.1-4.2|EN_INDCi2100_NDCp,REMIND-MAgPIE 2.1-4.2|EN_INDCi2030_1000f_NDCp,40.98888484,19.46815756,21.52072728
REMIND-MAgPIE 2.1-4.2|EN_INDCi2100,REMIND-MAgPIE 2.1-4.2|EN_INDCi2030_1200,41.74391344,23.18198898,18.56192446
REMIND-MAgPIE 2.1-4.2|EN_INDCi2100,REMIND-MAgPIE 2.1-4.2|EN_INDCi2030_1200f,41.74391344,23.08015209,18.66376134
REMIND-MAgPIE 2.1-4.2|EN_INDCi2030_3000,REMIND-MAgPIE 2.1-4.2|EN_INDCi2030_1400,52.67223116,28.16390717,24.50832399
REMIND-MAgPIE 2.1-4.2|EN_INDCi2030_3000f,REMIND-MAgPIE 2.1-4.2|EN_INDCi2030_1400f,52.63146488,28.16390717,24.46755771
REMIND-MAgPIE 2.1-4.2|EN_INDCi2030_3000,REMIND-MAgPIE 2.1-4.2|EN_INDCi2030_1600,52.67223116,33.0275483,19.64468286
REMIND-MAgPIE 2.1-4.2|EN_INDCi2030_3000f,REMIND-MAgPIE 2.1-4.2|EN_INDCi2030_1600f,52.63146488,33.0275483,19.60391658
REMIND-MAgPIE 2.1-4.2|EN_NoPolicy,REMIND-MAgPIE 2.1-4.2|EN_INDCi2030_1800,75.56761382,38.22262564,37.34498818
REMIND-MAgPIE 2.1-4.2|EN_NoPolicy,REMIND-MAgPIE 2.1-4.2|EN_INDCi2030_1800f,75.56761382,38.22262564,37.34498818
REMIND-MAgPIE 2.1-4.2|EN_NoPolicy,REMIND-MAgPIE 2.1-4.2|EN_INDCi2030_2000,75.56761382,41.93203116,33.63558267
REMIND-MAgPIE 2.1-4.2|EN_NoPolicy,REMIND-MAgPIE 2.1-4.2|EN_INDCi2030_2000f,75.56761382,41.4274023,34.14021152
REMIND-MAgPIE 2.1-4.2|EN_NoPolicy,REMIND-MAgPIE 2.1-4.2|EN_INDCi2030_2500,75.56761382,44.60988896,30.95772487
REMIND-MAgPIE 2.1-4.2|EN_NoPolicy,REMIND-MAgPIE 2.1-4.2|EN_INDCi2030_2500f,75.56761382,44.58954835,30.97806547
REMIND-MAgPIE 2.1-4.2|EN_NPi2020_3000f,REMIND-MAgPIE 2.1-4.2|EN_NPi2020_200f,50.99418432,12.93294628,38.06123803
REMIND-MAgPIE 2.1-4.2|EN_NPi2020_3000f,REMIND-MAgPIE 2.1-4.2|EN_NPi2020_300f,50.99418432,12.95785,38.03633432
REMIND-MAgPIE 2.1-4.2|EN_NPi2020_3000,REMIND-MAgPIE 2.1-4.2|EN_NPi2020_400,51.02028922,8.09471011,42.92557912
REMIND-MAgPIE 2.1-4.2|EN_NPi2020_3000f,REMIND-MAgPIE 2.1-4.2|EN_NPi2020_400f,50.99418432,14.72729542,36.2668889
REMIND-MAgPIE 2.1-4.2|EN_NPi2020_3000,REMIND-MAgPIE 2.1-4.2|EN_NPi2020_500,51.02028922,8.839431027,42.1808582
REMIND-MAgPIE 2.1-4.2|EN_NPi2020_3000f,REMIND-MAgPIE 2.1-4.2|EN_NPi2020_500f,50.99418432,15.58018126,35.41400306
REMIND-MAgPIE 2.1-4.2|EN_NPi2020_3000,REMIND-MAgPIE 2.1-4.2|EN_NPi2020_600,51.02028922,11.71894602,39.30134321
REMIND-MAgPIE 2.1-4.2|EN_NPi2100_COV,REMIND-MAgPIE 2.1-4.2|EN_NPi2020_600_COV,58.11389475,12.89225325,45.2216415
REMIND-MAgPIE 2.1-4.2|EN_NPi2020_3000f,REMIND-MAgPIE 2.1-4.2|EN_NPi2020_600f,50.99418432,15.91441114,35.07977318
REMIND-MAgPIE 2.1-4.2|EN_NPi2100_COV,REMIND-MAgPIE 2.1-4.2|EN_NPi2020_600f_COV,58.11389475,16.70449808,41.40939667
REMIND-MAgPIE 2.1-4.2|EN_NPi2020_3000,REMIND-MAgPIE 2.1-4.2|EN_NPi2020_700,51.02028922,14.905042,36.11524723
REMIND-MAgPIE 2.1-4.2|EN_NPi2020_3000f,REMIND-MAgPIE 2.1-4.2|EN_NPi2020_700f,50.99418432,17.15018975,33.84399456
REMIND-MAgPIE 2.1-4.2|EN_NPi2020_3000,REMIND-MAgPIE 2.1-4.2|EN_NPi2020_800,51.02028922,17.33681358,33.68347564
REMIND-MAgPIE 2.1-4.2|EN_NPi2020_3000f,REMIND-MAgPIE 2.1-4.2|EN_NPi2020_800f,50.99418432,18.03309554,32.96108878
REMIND-MAgPIE 2.1-4.2|EN_NPi2020_3000,REMIND-MAgPIE 2.1-4.2|EN_NPi2020_900,51.02028922,19.62242951,31.39785972
REMIND-MAgPIE 2.1-4.2|EN_NPi2020_3000f,REMIND-MAgPIE 2.1-4.2|EN_NPi2020_900f,50.99418432,19.53742514,31.45675918
REMIND-MAgPIE 2.1-4.2|EN_NPi2100,REMIND-MAgPIE 2.1-4.2|EN_NPi2020_1000,62.067667,21.06786724,40.99979977
REMIND-MAgPIE 2.1-4.2|EN_NPi2100_COV,REMIND-MAgPIE 2.1-4.2|EN_NPi2020_1000_COV,58.11389475,22.61957529,35.49431946
REMIND-MAgPIE 2.1-4.2|EN_NPi2100,REMIND-MAgPIE 2.1-4.2|EN_NPi2020_1000f,62.067667,21.14905312,40.91861388
REMIND-MAgPIE 2.1-4.2|EN_NPi2100_COV,REMIND-MAgPIE 2.1-4.2|EN_NPi2020_1000f_COV,58.11389475,22.59666663,35.51722812
REMIND-MAgPIE 2.1-4.2|EN_NPi2100,REMIND-MAgPIE 2.1-4.2|EN_NPi2020_1200,62.067667,25.28547963,36.78218737
REMIND-MAgPIE 2.1-4.2|EN_NPi2100,REMIND-MAgPIE 2.1-4.2|EN_NPi2020_1200f,62.067667,25.1888322,36.8788348
REMIND-MAgPIE 2.1-4.2|EN_NPi2100,REMIND-MAgPIE 2.1-4.2|EN_NPi2020_1400,62.067667,29.1441482,32.9235188
REMIND-MAgPIE 2.1-4.2|EN_NPi2100,REMIND-MAgPIE 2.1-4.2|EN_NPi2020_1400f,62.067667,29.1441482,32.9235188
REMIND-MAgPIE 2.1-4.2|EN_NPi2100,REMIND-MAgPIE 2.1-4.2|EN_NPi2020_1600,62.067667,32.65874006,29.40892695
REMIND-MAgPIE 2.1-4.2|EN_NPi2100,REMIND-MAgPIE 2.1-4.2|EN_NPi2020_1600f,62.067667,32.65874006,29.40892695
REMIND-MAgPIE 2.1-4.2|EN_NPi2100,REMIND-MAgPIE 2.1-4.2|EN_NPi2020_1800,62.067667,38.79521263,23.27245437
REMIND-MAgPIE 2.1-4.2|EN_NPi2100,REMIND-MAgPIE 2.1-4.2|EN_NPi2020_1800f,62.067667,38.31498061,23.7526864
REMIND-MAgPIE 2.1-4.2|EN_NoPolicy,REMIND-MAgPIE 2.1-4.2|EN_NPi2020_2000,75.56761382,41.11417769,34.45343614
REMIND-MAgPIE 2.1-4.2|EN_NoPolicy,REMIND-MAgPIE 2.1-4.2|EN_NPi2020_2000f,75.56761382,41.49786596,34.06974786
REMIND-MAgPIE 2.1-4.2|EN_NoPolicy,REMIND-MAgPIE 2.1-4.2|EN_NPi2020_2500,75.56761382,45.4931,30.07451382
REMIND-MAgPIE 2.1-4.2|EN_NoPolicy,REMIND-MAgPIE 2.1-4.2|EN_NPi2020_2500f,75.56761382,45.48943674,30.07817708
REMIND-MAgPIE 2.1-4.2|EN_NoPolicy,REMIND-MAgPIE 2.1-4.2|EN_NPi2020_3000,75.56761382,51.02028922,24.5473246
REMIND-MAgPIE 2.1-4.2|EN_NoPolicy,REMIND-MAgPIE 2.1-4.2|EN_NPi2020_3000f,75.56761382,50.99418432,24.57342951
REMIND-MAgPIE 2.1-4.2|NGFS2_Current Policies,REMIND-MAgPIE 2.1-4.2|NGFS2_Below 2°C,62.40329504,17.73392735,44.66936769
REMIND-MAgPIE 2.1-4.2|NGFS2_Current Policies - IPD-95th,REMIND-MAgPIE 2.1-4.2|NGFS2_Below 2°C - IPD-95th,60.63241939,18.75972728,41.87269211
REMIND-MAgPIE 2.1-4.2|NGFS2_Current Policies - IPD-median,REMIND-MAgPIE 2.1-4.2|NGFS2_Below 2°C - IPD-median,61.28052406,18.47188227,42.80864179
REMIND-MAgPIE 2.1-4.2|NGFS2_Current Policies,REMIND-MAgPIE 2.1-4.2|NGFS2_Delayed Transition,62.40329504,11.18038634,51.2229087
REMIND-MAgPIE 2.1-4.2|NGFS2_Current Policies,REMIND-MAgPIE 2.1-4.2|NGFS2_Divergent Net Zero Policies,62.40329504,9.442833074,52.96046197
REMIND-MAgPIE 2.1-4.2|NGFS2_Current Policies,REMIND-MAgPIE 2.1-4.2|NGFS2_Nationally Determined Contributions (NDCs),62.40329504,41.8300108,20.57328424
REMIND-MAgPIE 2.1-4.2|NGFS2_Current Policies,REMIND-MAgPIE 2.1-4.2|NGFS2_Net-Zero 2050,62.40329504,8.937720946,53.4655741
REMIND-MAgPIE 2.1-4.2|NGFS2_Current Policies - IPD-95th,REMIND-MAgPIE 2.1-4.2|NGFS2_Net-Zero 2050 - IPD-95th,60.63241939,8.70351999,51.9288994
REMIND-MAgPIE 2.1-4.2|NGFS2_Current Policies - IPD-median,REMIND-MAgPIE 2.1-4.2|NGFS2_Net-Zero 2050 - IPD-median,61.28052406,8.586122751,52.69440131
REMIND-MAgPIE 2.1-4.2|SusDev_SSP1-NPi,REMIND-MAgPIE 2.1-4.2|SusDev_SDP-PkBudg1000,47.51119671,9.520298405,37.99089831
REMIND-MAgPIE 2.1-4.2|SusDev_SSP1-NPi,REMIND-MAgPIE 2.1-4.2|SusDev_SSP1-NDC,47.51119671,32.76681973,14.74437698
REMIND-MAgPIE 2.1-4.2|SusDev_SSP1-NPi,REMIND-MAgPIE 2.1-4.2|SusDev_SSP1-PkBudg900,47.51119671,9.925763256,37.58543346
REMIND-MAgPIE 2.1-4.2|SusDev_SSP2-NPi,REMIND-MAgPIE 2.1-4.2|SusDev_SSP2-NDC,64.7546478,41.61463736,23.14001044
REMIND-MAgPIE 2.1-4.2|SusDev_SSP2-NPi,REMIND-MAgPIE 2.1-4.2|SusDev_SSP2-PkBudg900,64.7546478,10.75245171,54.00219609
REMIND-MAgPIE 2.1-4.3|DeepElec_SSP2_Npi,REMIND-MAgPIE 2.1-4.3|DeepElec_SSP2_ HighRE_Budg1100,67.71819568,14.36556851,53.35262718
REMIND-MAgPIE 2.1-4.3|DeepElec_SSP2_Npi,REMIND-MAgPIE 2.1-4.3|DeepElec_SSP2_ HighRE_Budg1300,67.71819568,17.41506704,50.30312864
REMIND-MAgPIE 2.1-4.3|DeepElec_SSP2_Npi,REMIND-MAgPIE 2.1-4.3|DeepElec_SSP2_ HighRE_Budg900,67.71819568,10.35784397,57.36035171
REMIND-MAgPIE 2.1-4.3|DeepElec_SSP2_Npi,REMIND-MAgPIE 2.1-4.3|DeepElec_SSP2_def_Budg1100,67.71819568,14.12557872,53.59261696
REMIND-MAgPIE 2.1-4.3|DeepElec_SSP2_Npi,REMIND-MAgPIE 2.1-4.3|DeepElec_SSP2_def_Budg1300,67.71819568,20.14048734,47.57770834
REMIND-MAgPIE 2.1-4.3|DeepElec_SSP2_Npi,REMIND-MAgPIE 2.1-4.3|DeepElec_SSP2_def_Budg900,67.71819568,6.575003157,61.14319252
REMIND-Transport 2.1|Transport_NDC_Conv,REMIND-Transport 2.1|Transport_Budg1100_Conv,48.04972738,14.88403318,33.1656942
REMIND-Transport 2.1|Transport_NDC_Conv,REMIND-Transport 2.1|Transport_Budg1100_Conv-LowD,48.04972738,14.99921872,33.05050866
REMIND-Transport 2.1|Transport_NDC_Conv,REMIND-Transport 2.1|Transport_Budg1100_ConvSyn,48.04972738,15.87942975,32.17029763
REMIND-Transport 2.1|Transport_NDC_Conv,REMIND-Transport 2.1|Transport_Budg1100_ElecPush,48.04972738,14.66700987,33.38271751
REMIND-Transport 2.1|Transport_NDC_Conv,REMIND-Transport 2.1|Transport_Budg1100_ElecPush-LowD,48.04972738,14.79028647,33.25944091
REMIND-Transport 2.1|Transport_NDC_Conv,REMIND-Transport 2.1|Transport_Budg1100_H2Push,48.04972738,14.87043097,33.17929641
TIAM-ECN 1.1|EN_INDCi2100,TIAM-ECN 1.1|EN_INDCi2030_900,63.07554762,13.67504346,49.40050416
TIAM-ECN 1.1|EN_INDCi2100,TIAM-ECN 1.1|EN_INDCi2030_900f,63.07554762,21.93588082,41.1396668
TIAM-ECN 1.1|EN_INDCi2100,TIAM-ECN 1.1|EN_INDCi2030_1000,63.07554762,16.54926212,46.52628549
TIAM-ECN 1.1|EN_INDCi2100_COV,TIAM-ECN 1.1|EN_INDCi2030_1000_COV,63.14674627,16.61149699,46.53524928
TIAM-ECN 1.1|EN_INDCi2100_NDCp,TIAM-ECN 1.1|EN_INDCi2030_1000_NDCp,64.21363879,16.59053058,47.62310821
TIAM-ECN 1.1|EN_INDCi2100,TIAM-ECN 1.1|EN_INDCi2030_1000f,63.07554762,23.92383116,39.15171646
TIAM-ECN 1.1|EN_INDCi2100_COV,TIAM-ECN 1.1|EN_INDCi2030_1000f_COV,63.14674627,25.28220134,37.86454492
TIAM-ECN 1.1|EN_INDCi2100_NDCp,TIAM-ECN 1.1|EN_INDCi2030_1000f_NDCp,64.21363879,25.51568145,38.69795734
TIAM-ECN 1.1|EN_INDCi2100,TIAM-ECN 1.1|EN_INDCi2030_1200,63.07554762,28.03411329,35.04143433
TIAM-ECN 1.1|EN_INDCi2100,TIAM-ECN 1.1|EN_INDCi2030_1200f,63.07554762,33.08005386,29.99549375
TIAM-ECN 1.1|EN_INDCi2100,TIAM-ECN 1.1|EN_INDCi2030_1400,63.07554762,34.44002519,28.63552243
TIAM-ECN 1.1|EN_INDCi2100,TIAM-ECN 1.1|EN_INDCi2030_1400f,63.07554762,36.29346305,26.78208457
TIAM-ECN 1.1|EN_INDCi2100,TIAM-ECN 1.1|EN_INDCi2030_1600,63.07554762,39.47177853,23.60376908
TIAM-ECN 1.1|EN_INDCi2100,TIAM-ECN 1.1|EN_INDCi2030_1600f,63.07554762,41.46953912,21.6060085
TIAM-ECN 1.1|EN_INDCi2100,TIAM-ECN 1.1|EN_INDCi2030_2000,63.07554762,46.31704641,16.7585012
TIAM-ECN 1.1|EN_INDCi2100,TIAM-ECN 1.1|EN_INDCi2030_2000f,63.07554762,46.31712946,16.75841816
TIAM-ECN 1.1|EN_INDCi2100,TIAM-ECN 1.1|EN_INDCi2030_2500,63.07554762,49.86533025,13.21021736
TIAM-ECN 1.1|EN_INDCi2100,TIAM-ECN 1.1|EN_INDCi2030_2500f,63.07554762,49.86593794,13.20960968
TIAM-ECN 1.1|EN_INDCi2100,TIAM-ECN 1.1|EN_INDCi2030_3000,63.07554762,55.36736312,7.708184494
TIAM-ECN 1.1|EN_INDCi2100,TIAM-ECN 1.1|EN_INDCi2030_3000f,63.07554762,55.33094351,7.744604101
TIAM-ECN 1.1|EN_NPi2100,TIAM-ECN 1.1|EN_NPi2020_800,65.36956266,15.09643415,50.27312851
TIAM-ECN 1.1|EN_NPi2100,TIAM-ECN 1.1|EN_NPi2020_800f,65.36956266,22.28838359,43.08117907
TIAM-ECN 1.1|EN_NPi2100,TIAM-ECN 1.1|EN_NPi2020_900,65.36956266,17.51572142,47.85384125
TIAM-ECN 1.1|EN_NPi2100,TIAM-ECN 1.1|EN_NPi2020_900f,65.36956266,24.35381443,41.01574823
TIAM-ECN 1.1|EN_NPi2100,TIAM-ECN 1.1|EN_NPi2020_1000,65.36956266,20.46273292,44.90682975
TIAM-ECN 1.1|EN_NPi2100_COV,TIAM-ECN 1.1|EN_NPi2020_1000_COV,63.26365685,21.04957413,42.21408273
TIAM-ECN 1.1|EN_NPi2100,TIAM-ECN 1.1|EN_NPi2020_1000f,65.36956266,25.97112477,39.39843789
TIAM-ECN 1.1|EN_NPi2100_COV,TIAM-ECN 1.1|EN_NPi2020_1000f_COV,63.26365685,26.10420091,37.15945594
TIAM-ECN 1.1|EN_NPi2100,TIAM-ECN 1.1|EN_NPi2020_1200,65.36956266,29.61391744,35.75564522
TIAM-ECN 1.1|EN_NPi2100,TIAM-ECN 1.1|EN_NPi2020_1200f,65.36956266,33.3201415,32.04942116
TIAM-ECN 1.1|EN_NPi2100,TIAM-ECN 1.1|EN_NPi2020_1400,65.36956266,34.50396311,30.86559955
TIAM-ECN 1.1|EN_NPi2100,TIAM-ECN 1.1|EN_NPi2020_1400f,65.36956266,36.25925339,29.11030928
TIAM-ECN 1.1|EN_NPi2100,TIAM-ECN 1.1|EN_NPi2020_1600,65.36956266,39.12288227,26.2466804
TIAM-ECN 1.1|EN_NPi2100,TIAM-ECN 1.1|EN_NPi2020_1600f,65.36956266,41.12231255,24.24725011
TIAM-ECN 1.1|EN_NPi2100,TIAM-ECN 1.1|EN_NPi2020_2000,65.36956266,47.73272242,17.63684024
TIAM-ECN 1.1|EN_NPi2100,TIAM-ECN 1.1|EN_NPi2020_2000f,65.36956266,47.82808925,17.54147341
TIAM-ECN 1.1|EN_NPi2100,TIAM-ECN 1.1|EN_NPi2020_2500,65.36956266,49.86368875,15.50587391
TIAM-ECN 1.1|EN_NPi2100,TIAM-ECN 1.1|EN_NPi2020_2500f,65.36956266,49.86350465,15.50605802
TIAM-ECN 1.1|EN_NPi2100,TIAM-ECN 1.1|EN_NPi2020_3000,65.36956266,55.38651674,9.983045926
TIAM-ECN 1.1|EN_NPi2100,TIAM-ECN 1.1|EN_NPi2020_3000f,65.36956266,55.38662378,9.982938884
WITCH 5.0|CO_CurPol,WITCH 5.0|CO_2Deg2020,62.27350931,16.06244308,46.21106623
WITCH 5.0|CO_CurPol,WITCH 5.0|CO_2Deg2030,62.27350931,12.35784114,49.91566817
WITCH 5.0|CO_CurPol,WITCH 5.0|CO_Bridge,62.27350931,17.80534441,44.4681649
WITCH 5.0|CO_CurPol,WITCH 5.0|CO_GPP,62.27350931,34.31168244,27.96182687
WITCH 5.0|CO_CurPol,WITCH 5.0|CO_NDC_2050convergence,62.27350931,37.05438128,25.21912803
WITCH 5.0|CO_CurPol,WITCH 5.0|CO_NDCplus,62.27350931,48.98425907,13.28925024
WITCH 5.0|EN_INDCi2100,WITCH 5.0|EN_INDCi2030_500f,47.94799098,10.08897288,37.85901811
WITCH 5.0|EN_INDCi2100,WITCH 5.0|EN_INDCi2030_600f,47.94799098,11.97184496,35.97614603
WITCH 5.0|EN_INDCi2100_NDCp,WITCH 5.0|EN_INDCi2030_600f_NDCp,46.22454172,12.87228716,33.35225455
WITCH 5.0|EN_INDCi2100,WITCH 5.0|EN_INDCi2030_700f,47.94799098,14.14458453,33.80340646
WITCH 5.0|EN_INDCi2100_NDCp,WITCH 5.0|EN_INDCi2030_700f_NDCp,46.22454172,14.91758515,31.30695657
WITCH 5.0|EN_INDCi2100,WITCH 5.0|EN_INDCi2030_800,47.94799098,10.02607213,37.92191885
WITCH 5.0|EN_INDCi2100_NDCp,WITCH 5.0|EN_INDCi2030_800_NDCp,46.22454172,10.75169332,35.4728484
WITCH 5.0|EN_INDCi2100,WITCH 5.0|EN_INDCi2030_800f,47.94799098,16.22276434,31.72522665
WITCH 5.0|EN_INDCi2100_NDCp,WITCH 5.0|EN_INDCi2030_800f_NDCp,46.22454172,16.88599198,29.33854973
WITCH 5.0|EN_INDCi2100,WITCH 5.0|EN_INDCi2030_900,47.94799098,14.22389435,33.72409664
WITCH 5.0|EN_INDCi2100_NDCp,WITCH 5.0|EN_INDCi2030_900_NDCp,46.22454172,14.88873811,31.33580361
WITCH 5.0|EN_INDCi2100,WITCH 5.0|EN_INDCi2030_900f,47.94799098,17.99614677,29.95184421
WITCH 5.0|EN_INDCi2100_NDCp,WITCH 5.0|EN_INDCi2030_900f_NDCp,46.22454172,18.62893868,27.59560304
WITCH 5.0|EN_INDCi2100,WITCH 5.0|EN_INDCi2030_1000,47.94799098,17.42482937,30.52316161
WITCH 5.0|EN_INDCi2100_NDCp,WITCH 5.0|EN_INDCi2030_1000_NDCp,46.22454172,17.82909354,28.39544818
WITCH 5.0|EN_INDCi2100,WITCH 5.0|EN_INDCi2030_1000f,47.94799098,19.43847247,28.50951851
WITCH 5.0|EN_INDCi2100_NDCp,WITCH 5.0|EN_INDCi2030_1000f_NDCp,46.22454172,19.85954469,26.36499703
WITCH 5.0|EN_INDCi2100,WITCH 5.0|EN_INDCi2030_1200,47.94799098,21.08585339,26.86213759
WITCH 5.0|EN_INDCi2100_NDCp,WITCH 5.0|EN_INDCi2030_1200_NDCp,46.22454172,21.37137707,24.85316464
WITCH 5.0|EN_INDCi2100,WITCH 5.0|EN_INDCi2030_1200f,47.94799098,22.12147841,25.82651257
WITCH 5.0|EN_INDCi2100_NDCp,WITCH 5.0|EN_INDCi2030_1200f_NDCp,46.22454172,22.56156006,23.66298165
WITCH 5.0|EN_INDCi2100,WITCH 5.0|EN_INDCi2030_1400,47.94799098,24.63038484,23.31760614
WITCH 5.0|EN_INDCi2100_NDCp,WITCH 5.0|EN_INDCi2030_1400_NDCp,46.22454172,24.82993057,21.39461114
WITCH 5.0|EN_INDCi2100,WITCH 5.0|EN_INDCi2030_1400f,47.94799098,24.6474234,23.30056758
WITCH 5.0|EN_INDCi2100_NDCp,WITCH 5.0|EN_INDCi2030_1400f_NDCp,46.22454172,25.03768335,21.18685837
WITCH 5.0|EN_INDCi2100,WITCH 5.0|EN_INDCi2030_1600,47.94799098,27.00923432,20.93875667
WITCH 5.0|EN_INDCi2100_NDCp,WITCH 5.0|EN_INDCi2030_1600_NDCp,46.22454172,27.22977808,18.99476364
WITCH 5.0|EN_INDCi2100,WITCH 5.0|EN_INDCi2030_1600f,47.94799098,27.07833174,20.86965924
WITCH 5.0|EN_INDCi2100_NDCp,WITCH 5.0|EN_INDCi2030_1600f_NDCp,46.22454172,27.43656333,18.78797838
WITCH 5.0|EN_NoPolicy,WITCH 5.0|EN_INDCi2030_1800,60.77705009,29.88268786,30.89436223
WITCH 5.0|EN_NoPolicy,WITCH 5.0|EN_INDCi2030_1800_NDCp,60.77705009,30.28232114,30.49472894
WITCH 5.0|EN_NoPolicy,WITCH 5.0|EN_INDCi2030_1800f,60.77705009,29.88268786,30.89436223
WITCH 5.0|EN_NoPolicy,WITCH 5.0|EN_INDCi2030_1800f_NDCp,60.77705009,30.28232114,30.49472894
WITCH 5.0|EN_NoPolicy,WITCH 5.0|EN_INDCi2030_2000,60.77705009,33.8543083,26.92274179
WITCH 5.0|EN_NoPolicy,WITCH 5.0|EN_INDCi2030_2000_NDCp,60.77705009,34.03272632,26.74432377
WITCH 5.0|EN_NoPolicy,WITCH 5.0|EN_INDCi2030_2000f,60.77705009,33.8543083,26.92274179
WITCH 5.0|EN_NoPolicy,WITCH 5.0|EN_INDCi2030_2000f_NDCp,60.77705009,34.03272632,26.74432377
WITCH 5.0|EN_NoPolicy,WITCH 5.0|EN_INDCi2030_2500,60.77705009,39.28215202,21.49489807
WITCH 5.0|EN_NoPolicy,WITCH 5.0|EN_INDCi2030_2500_NDCp,60.77705009,39.3877066,21.38934349
WITCH 5.0|EN_NoPolicy,WITCH 5.0|EN_INDCi2030_2500f,60.77705009,39.28215202,21.49489807
WITCH 5.0|EN_NoPolicy,WITCH 5.0|EN_INDCi2030_2500f_NDCp,60.77705009,39.3877066,21.38934349
WITCH 5.0|EN_NoPolicy,WITCH 5.0|EN_INDCi2030_3000,60.77705009,46.22740838,14.54964171
WITCH 5.0|EN_NoPolicy,WITCH 5.0|EN_INDCi2030_3000_NDCp,60.77705009,46.49525081,14.28179928
WITCH 5.0|EN_NoPolicy,WITCH 5.0|EN_INDCi2030_3000f,60.77705009,46.22740838,14.54964171
WITCH 5.0|EN_NoPolicy,WITCH 5.0|EN_INDCi2030_3000f_NDCp,60.77705009,46.49525081,14.28179928
WITCH 5.0|EN_NPi2020_3000f,WITCH 5.0|EN_NPi2020_400f,45.92345043,11.65182973,34.2716207
WITCH 5.0|EN_NPi2020_3000,WITCH 5.0|EN_NPi2020_450,45.92345043,5.91284828,40.01060215
WITCH 5.0|EN_NPi2020_3000f,WITCH 5.0|EN_NPi2020_450f,45.92345043,12.37686859,33.54658184
WITCH 5.0|EN_NPi2020_3000,WITCH 5.0|EN_NPi2020_500,45.92345043,7.608801643,38.31464879
WITCH 5.0|EN_NPi2020_3000f,WITCH 5.0|EN_NPi2020_500f,45.92345043,13.27266971,32.65078073
WITCH 5.0|EN_NPi2020_3000,WITCH 5.0|EN_NPi2020_600,45.92345043,10.24073246,35.68271797
WITCH 5.0|EN_NPi2020_3000f,WITCH 5.0|EN_NPi2020_600f,45.92345043,15.16190613,30.76154431
WITCH 5.0|EN_NPi2020_3000,WITCH 5.0|EN_NPi2020_700,45.92345043,13.515009,32.40844144
WITCH 5.0|EN_NPi2020_3000f,WITCH 5.0|EN_NPi2020_700f,45.92345043,16.8332419,29.09020854
WITCH 5.0|EN_NPi2020_3000,WITCH 5.0|EN_NPi2020_800,45.92345043,16.00864603,29.91480441
WITCH 5.0|EN_NPi2020_3000f,WITCH 5.0|EN_NPi2020_800f,45.92345043,18.28068324,27.6427672
WITCH 5.0|EN_NPi2020_3000,WITCH 5.0|EN_NPi2020_900,45.92345043,18.05287906,27.87057138
WITCH 5.0|EN_NPi2020_3000f,WITCH 5.0|EN_NPi2020_900f,45.92345043,19.50614823,26.4173022
WITCH 5.0|EN_NPi2020_3000,WITCH 5.0|EN_NPi2020_1000,45.92345043,19.69014448,26.23330596
WITCH 5.0|EN_NPi2100,WITCH 5.0|EN_NPi2020_1000f,57.73510175,20.83178289,36.90331886
WITCH 5.0|EN_NPi2100,WITCH 5.0|EN_NPi2020_1200,57.73510175,23.04475771,34.69034404
WITCH 5.0|EN_NPi2100,WITCH 5.0|EN_NPi2020_1200f,57.73510175,23.37761726,34.35748449
WITCH 5.0|EN_NPi2100,WITCH 5.0|EN_NPi2020_1400,57.73510175,25.38445768,32.35064408
WITCH 5.0|EN_NPi2100,WITCH 5.0|EN_NPi2020_1400f,57.73510175,25.551786,32.18331576
WITCH 5.0|EN_NPi2100,WITCH 5.0|EN_NPi2020_1600,57.73510175,27.75462539,29.98047636
WITCH 5.0|EN_NPi2100,WITCH 5.0|EN_NPi2020_1600f,57.73510175,27.85295665,29.8821451
WITCH 5.0|EN_NPi2100,WITCH 5.0|EN_NPi2020_1800,57.73510175,30.39572994,27.33937181
WITCH 5.0|EN_NPi2100,WITCH 5.0|EN_NPi2020_1800f,57.73510175,30.39572994,27.33937181
WITCH 5.0|EN_NPi2100,WITCH 5.0|EN_NPi2020_2000,57.73510175,33.82330881,23.91179295
WITCH 5.0|EN_NPi2100,WITCH 5.0|EN_NPi2020_2000f,57.73510175,33.82330881,23.91179295
WITCH 5.0|EN_NoPolicy,WITCH 5.0|EN_NPi2020_2500,60.77705009,39.07916824,21.69788185
WITCH 5.0|EN_NoPolicy,WITCH 5.0|EN_NPi2020_2500f,60.77705009,39.07916824,21.69788185
WITCH 5.0|EN_NoPolicy,WITCH 5.0|EN_NPi2020_3000,60.77705009,45.92345043,14.85359965
WITCH 5.0|EN_NoPolicy,WITCH 5.0|EN_NPi2020_3000f,60.77705009,45.92345043,14.85359965
WITCH-GLOBIOM 3.1|SSP1-Baseline,WITCH-GLOBIOM 3.1|SSP1-19,69.39556403,10.49489593,58.9006681
WITCH-GLOBIOM 3.1|SSP4-Baseline,WITCH-GLOBIOM 3.1|SSP4-19,72.46233915,11.77601875,60.6863204
WITCH-GLOBIOM 4.4|CD-LINKS_INDCi,WITCH-GLOBIOM 4.4|CD-LINKS_INDC2030i_1600,65.14364471,24.08781134,41.05583336
WITCH-GLOBIOM 4.4|CD-LINKS_INDCi,WITCH-GLOBIOM 4.4|CD-LINKS_NDC2030i_1000,65.14364471,15.05067527,50.09296944
WITCH-GLOBIOM 4.4|CD-LINKS_NPi,WITCH-GLOBIOM 4.4|CD-LINKS_NPi2020_1000,83.53600164,16.49831934,67.0376823
WITCH-GLOBIOM 4.4|CD-LINKS_NPi,WITCH-GLOBIOM 4.4|CD-LINKS_NPi2020_1600,83.53600164,24.82257251,58.71342913
WITCH-GLOBIOM 4.4|CD-LINKS_NPi,WITCH-GLOBIOM 4.4|CD-LINKS_NPi2020_400,83.53600164,8.034650671,75.50135097
