"variable","paired_N","paired_mean","paired_stdev","paired_P25","paired_P50","paired_P75","paired_normalised_mean","paired_normalised_stdev","paired_normalised_P25","paired_normalised_P50","paired_normalised_P75","AIM_N","AIM_mean","AIM_sd","AIM_P25","AIM_P50","AIM_P75","AIM_normalised_mean","AIM_normalised_sd","AIM_normalised_P25","AIM_normalised_P50","AIM_normalised_P75","GCAM_N","GCAM_mean","GCAM_sd","GCAM_P25","GCAM_P50","GCAM_P75","GCAM_normalised_mean","GCAM_normalised_sd","GCAM_normalised_P25","GCAM_normalised_P50","GCAM_normalised_P75","GEM.E3_N","GEM.E3_mean","GEM.E3_sd","GEM.E3_P25","GEM.E3_P50","GEM.E3_P75","GEM.E3_normalised_mean","GEM.E3_normalised_sd","GEM.E3_normalised_P25","GEM.E3_normalised_P50","GEM.E3_normalised_P75","IMAGE_N","IMAGE_mean","IMAGE_sd","IMAGE_P25","IMAGE_P50","IMAGE_P75","IMAGE_normalised_mean","IMAGE_normalised_sd","IMAGE_normalised_P25","IMAGE_normalised_P50","IMAGE_normalised_P75","MESSAGE_N","MESSAGE_mean","MESSAGE_sd","MESSAGE_P25","MESSAGE_P50","MESSAGE_P75","MESSAGE_normalised_mean","MESSAGE_normalised_sd","MESSAGE_normalised_P25","MESSAGE_normalised_P50","MESSAGE_normalised_P75","POLES_N","POLES_mean","POLES_sd","POLES_P25","POLES_P50","POLES_P75","POLES_normalised_mean","POLES_normalised_sd","POLES_normalised_P25","POLES_normalised_P50","POLES_normalised_P75","REMIND_N","REMIND_mean","REMIND_sd","REMIND_P25","REMIND_P50","REMIND_P75","REMIND_normalised_mean","REMIND_normalised_sd","REMIND_normalised_P25","REMIND_normalised_P50","REMIND_normalised_P75","TIAM.ECN_N","TIAM.ECN_mean","TIAM.ECN_sd","TIAM.ECN_P25","TIAM.ECN_P50","TIAM.ECN_P75","TIAM.ECN_normalised_mean","TIAM.ECN_normalised_sd","TIAM.ECN_normalised_P25","TIAM.ECN_normalised_P50","TIAM.ECN_normalised_P75","WITCH_N","WITCH_mean","WITCH_sd","WITCH_P25","WITCH_P50","WITCH_P75","WITCH_normalised_mean","WITCH_normalised_sd","WITCH_normalised_P25","WITCH_normalised_P50","WITCH_normalised_P75"
"Emissions|CO2|Energy|Supply",367,7.64882681773002,2.55029116599061,5.93736996887179,7.0306716,9.038424075,7.66334095088101,1.69078011139589,6.325098993495,7.48278028027722,8.60324063476292,13,7.74333365,1.940661071122,6.46469365,7.6123226,8.9671132,8.14349486816961,0.985203805628691,8.14349486816961,8.70456870687894,9.95198651343928,15,6.68089781914329,0.830200646659381,6.53203139827178,6.63898738395139,7.36178183411425,9.20680662257352,0.885051500668461,9.20680662257352,9.72803885275275,9.89673811737109,18,6.35341249150559,1.10368303091813,5.50753683251372,6.36177493261059,7.16310165438175,5.41150174326595,0.293526451835296,5.41150174326595,5.60734761925872,5.72739461709788,28,10.7283147939912,2.79340600336977,8.68994919312001,10.5940929607153,12.7458881411552,9.19588668084603,1.68916835475263,9.19588668084603,10.4181791749924,11.4136443056923,84,6.90658629480872,1.28142720067772,6.0971367051283,6.64215358603955,7.27125519631015,6.59887633587082,1.08203305630423,6.59887633587082,7.00314543927514,7.69294211701506,41,8.3033126062627,1.96217581012525,6.85873913574219,7.60279019661457,9.4557119140625,7.90606552468387,0.773650034164922,7.90606552468387,8.30345088031004,8.58548299254085,115,8.20743677478261,3.19802469255577,5.483613375,8.81960025,10.3508209,6.32308319579226,1.78600601236865,6.32308319579226,7.32485702255742,8.63877526308176,6,7.08283830127227,0.272110793770559,6.88274711165563,7.05087722201794,7.27082326011627,5.84064146594953,0.0934791039607764,5.84064146594953,5.93223992992947,5.95117411723918,34,5.74803889525096,1.34729190326743,4.83904067714681,5.41468418057142,6.28209820994838,6.11464456421208,0.861956023776582,6.11464456421208,6.81112441086578,7.71051766997018
"Emissions|Industry|All",249,5.1661480087739,1.55502247760171,4.20444725,5.02000503871294,6.3726425,5.39518958372684,1.1271915541446,4.85340023709787,5.26291472172108,5.89997520590098,9,2.92133878333333,1.68411631443546,1.75620355,2.09746285,3.62982335,3.09576399443163,0.805803550719341,3.09576399443163,3.11554492653595,4.43464745399394,15,4.2989444808359,0.720164467076053,4.02950557708717,4.11378567878496,4.67817936568534,5.81489019294622,0.315176833042332,5.81489019294622,6.02085150267723,6.13519839405504,0,NA,NA,NA,NA,NA,NA,NA,NA,NA,NA,22,5.05715084874273,1.99944164223213,2.9318222762986,5.18449459342495,6.88780055518949,3.66744122775448,1.11711584331277,3.66744122775448,5.03397278749165,5.60457550063607,69,4.83543164640243,0.848280359292313,4.49667359756162,5.01182049944584,5.31779968906647,4.91910560147124,0.826884943168727,4.91910560147124,5.08182460303869,5.33661625642362,0,NA,NA,NA,NA,NA,NA,NA,NA,NA,NA,100,6.207018501,1.28723306922031,5.02832095,6.533310125,7.2542026375,5.02735196472913,1.09031271976959,5.02735196472913,5.8405333682436,6.58306450844916,0,NA,NA,NA,NA,NA,NA,NA,NA,NA,NA,34,3.82325545729573,1.0831426019826,2.94189524230561,3.82690299361759,4.35687934770704,3.59928299630241,0.839560069757239,3.59928299630241,5.11503688859061,5.23590668476895
"Emissions|Transport|All",291,2.36696711114251,0.932130393851406,1.644603637575,2.2559947376,3.04824782287368,2.48468228775862,0.841488085945372,1.76201974527471,2.45446160027584,3.12645156310288,9,1.71058247536667,0.542440922272885,1.33855015035,1.57061998725,2.01046313375,2.28480795936933,0.306781607476018,2.28480795936933,2.33099877583896,2.42704008940451,15,1.55027197322092,0.538675186563311,1.26521280947614,1.34415357239735,2.08258028253276,1.84517475971099,0.438031601665869,1.84517475971099,2.02343004576292,2.44747403706539,0,NA,NA,NA,NA,NA,NA,NA,NA,NA,NA,22,2.37316472875165,1.06633274684415,1.40417173013651,2.6418733450894,3.06408680029428,1.713280573389,0.937747402448041,1.713280573389,2.20648241605436,3.0570005250557,70,3.23584233519844,0.975666054036245,2.83067956658931,3.27362702227928,3.68559239539637,3.01100770385176,0.565766555265557,3.01100770385176,3.66793306060869,3.87984343884974,31,2.71972311992205,0.497536435592975,2.33057646272278,2.59198788641357,3.08418205117798,2.69150065584804,0.390764685041488,2.69150065584804,2.89610053962488,3.16236966976456,100,2.0402692455105,0.643188424843437,1.5426862084875,2.0529223765,2.34644684995,1.5844589626727,0.483444658077567,1.5844589626727,1.89729309967774,2.22856446943307,0,NA,NA,NA,NA,NA,NA,NA,NA,NA,NA,34,1.97675396199701,0.652133241445504,1.45983350897103,1.9132052883622,2.41008733242553,1.82038552983857,0.685743185209617,1.82038552983857,2.49877212909304,3.02201947107181
"Emissions|Land|All",325,2.21089278512737,1.37495033416277,1.11676434133414,2.09285053614037,3.4440978698,2.29399078938086,1.45666526527083,1.28244080784859,2.31199151623217,3.12642301341449,13,2.92312932790385,1.14386062961992,2.04611222695,2.3737566178,3.6405137312,3.3209383117878,0.483200930489531,3.3209383117878,3.46102432769636,3.51718720380153,15,1.07399838536341,1.27859504913377,0.517215792510625,0.628818555595072,0.800837468876518,0.874019128762754,1.16304886265244,0.874019128762754,0.935700744813339,1.05318621561334,0,NA,NA,NA,NA,NA,NA,NA,NA,NA,NA,28,0.93156389630542,1.8878762544538,-0.605181604251689,0.811201065356554,2.16981122859057,-0.521340651383542,1.83675054213966,-0.521340651383542,0.685867702662204,2.15952635181147,77,1.94365931233625,0.729159134356968,1.44966079598986,2.03776253261905,2.43425620184705,1.48603698072873,0.516096289413735,1.48603698072873,2.06163980090528,2.45467247647112,36,1.09485142536998,0.807895526799067,0.728567035617175,0.811406835214316,0.85156818270154,0.750825581127497,0.580325352853801,0.750825581127497,0.937845533274234,1.09938410979648,109,3.09374287348028,1.23546963019187,2.21142669995,3.4570818653,3.8435468877,2.07399725424759,1.55987454933655,2.07399725424759,2.82069835775727,3.50570530338142,0,NA,NA,NA,NA,NA,NA,NA,NA,NA,NA,34,2.7763807047095,0.737959204683106,1.97773196938391,3.03099564282009,3.49096149628975,2.60073252319028,0.909457328605345,2.60073252319028,3.41481597784739,4.17825592237994
"Emissions|CO2|Energy|Demand|Residential and Commercial",331,1.09143335329588,0.377381147954264,0.769014675585938,1.08592255588666,1.38498785638785,1.09530067976962,0.31577425202266,0.874325147538452,1.08945384270319,1.31304295778447,6,0.962110016666667,0.434392971581236,0.7063634625,0.9493928,1.16595595,0.573873485903133,0.31085577638045,0.573873485903133,0.872404511317458,1.05603674196088,15,0.766236121242082,0.138927403679311,0.711560947679759,0.7288236985,0.918240290450942,1.05996202306903,0.10165027329149,1.05996202306903,1.06904238081611,1.14139179762253,18,1.37089564592437,0.308850061864994,1.17544835868205,1.38601494927214,1.58165494137064,1.14515079903894,0.0727968490443685,1.14515079903894,1.17448058895149,1.25130580379325,28,0.903458311080933,0.30373026859551,0.731336608886719,0.93946688079834,1.10918808174134,0.705255179215467,0.285682627059818,0.705255179215467,0.835402429838307,1.06625435706877,81,1.33740619058109,0.264602135406707,1.158494472157,1.39396852272689,1.51403643172235,1.27079167565924,0.244786441388661,1.27079167565924,1.41751938860594,1.46762960348907,36,0.663763652957492,0.191636841358402,0.537470062255859,0.624597396850586,0.749286605834961,0.62945297454612,0.141013785437614,0.62945297454612,0.672181296502415,0.72513999528865,106,1.11038752122642,0.357746434904583,0.8135572375,1.192551075,1.3626219125,0.904640167725869,0.183533990999395,0.904640167725869,0.981685877421205,1.12126692874973,6,0.960889962274184,0.124942130720028,0.876459842724299,0.945838938147632,1.02607452677965,0.748762008425174,0.0867467748847493,0.748762008425174,0.803800348967088,0.831520000558656,34,1.04597810480333,0.284592378160994,0.805645787305051,1.033065728377,1.23565515234881,1.02146609245094,0.28919623205438,1.02146609245094,1.14983297441171,1.55310582969864
"Secondary Energy|Electricity|Wind",376,3.3042200286941,2.55238155094727,1.48779335089509,2.67985471386202,4.63524293656234,3.30899102050838,2.39903593070955,1.54313929066325,2.83718871359361,4.73294570545531,13,3.04036559670739,1.33090928681254,2.51195450354569,2.81800998115147,3.15776665329708,2.90042320751921,1.197266918881,2.90042320751921,4.01817280441459,4.5094211617256,15,2.56426593535533,1.49393358278082,1.61268763655781,1.90199075147746,2.64190512339093,2.49489146271314,1.42537264575089,2.49489146271314,2.81272161107253,3.28453685642952,18,2.73621483691915,0.66952159533071,2.23620913516204,2.7019956701745,3.23317977618872,2.2141842888298,0.225376053648158,2.2141842888298,2.35280050188269,2.52408876123677,28,0.958353557346874,0.83222143022195,0.412605276504448,0.793063174258353,1.60517780263403,0.398722587332543,0.836284733200193,0.398722587332543,0.949504061588081,1.61717597672268,93,4.39036072082737,1.78533503557736,2.91757419296697,4.19706422265451,5.84051544414026,3.21231947500537,1.59049888526888,3.21231947500537,4.40513179435897,5.74281125835115,41,1.1332358078681,0.608000163196073,0.73851972324417,0.996254730830154,1.38940241676565,0.731239283312984,0.705318101388496,0.731239283312984,1.16843675498144,1.58603411735774,115,3.8072780982072,1.96588424547882,2.29039295514948,3.77361301500267,5.12265278628493,1.87143126013656,1.91150169492414,1.87143126013656,4.00628331922917,5.13908210039292,6,2.28423346709505,0.175848099949272,2.15058643412239,2.24853255134051,2.3789405232465,1.79457716356216,0.147638263179928,1.79457716356216,1.87674079776425,1.96988800314966,34,1.25003525652503,0.735189339233017,0.863541986979964,1.0978357632396,1.32477510497237,1.07804407827056,0.606473193507319,1.07804407827056,1.39362084349393,1.71403071373904
"Secondary Energy|Electricity|Solar",376,3.08014447690638,2.08680427861152,1.3064620412533,2.88416682278161,4.48070166981013,3.02433529691522,1.8145298443495,1.49474783002133,2.94016098745994,4.35578065598172,13,2.78746002780271,1.18215640845921,2.36552592942055,2.74868765938369,3.14817572451885,2.52340867293867,1.39358623305377,2.52340867293867,3.89364782966018,4.49467266194244,15,2.37315357886289,1.69935060071005,1.34815927826526,1.57784236202518,2.28733236062153,2.07323044323694,1.71753752828657,2.07323044323694,2.3585873097623,2.84371779380695,18,2.08394186211027,0.432593783622315,1.78245707983899,2.10113260074262,2.39196932751122,1.7013721486075,0.181459520618328,1.7013721486075,1.81619244192888,1.93528460215046,28,1.54694267144467,2.25875589032253,0.221008923570585,1.10448290545828,2.53302117522143,0.223430282691606,2.16003538621002,0.223430282691606,1.14518729056789,2.38507619444264,93,3.88017033317942,1.43609733485749,2.69577007279599,4.13277556714145,4.95573215611028,2.76650777544892,1.22744038269531,2.76650777544892,4.29748297888027,4.78711646581921,41,1.02435147575544,0.461498649918064,0.775610404537695,0.929949340474537,1.06104051178381,0.710266738207376,0.364039476511677,0.710266738207376,1.01320302484374,1.25884690770502,115,4.49995439307742,1.98992874790004,3.1710343702966,4.22925361575359,5.42741793346317,3.34718661479139,1.40977562501639,3.34718661479139,3.86723544868123,4.73253360703646,6,0.366766651539987,0.0924225389325797,0.305668448719031,0.358390588316647,0.437953684156052,0.261293565550142,0.0752169983482584,0.261293565550142,0.295771889951511,0.370826484282243,34,1.30324055069803,1.34372652183828,0.858244004784348,0.991468754808365,1.1864741109387,1.0870621916303,1.14189046848197,1.0870621916303,1.28007993344234,1.46038537902922
"Secondary Energy|Electricity|Nuclear",377,1.13850373684621,1.36542496038788,0.113677289226757,0.521519131548051,1.92583085487686,1.17903607978831,1.44516772160003,0.137064365722422,0.494161825477802,1.88910431365378,13,0.519170915736983,0.328537112484761,0.383107742189515,0.606643579115765,0.681589427158549,0.418626731000912,0.461006985237317,0.418626731000912,0.813853711464724,1.03740161382296,15,2.61374459510698,1.19994768137294,1.89562671731569,2.68508296850852,3.52675736777607,3.74010843455452,1.55471856951785,3.74010843455452,4.06916564374096,4.64240951304259,18,0.490389117447052,0.150641215551821,0.390551763185068,0.459762132418648,0.612770330813261,0.353236813456922,0.0821053376056795,0.353236813456922,0.421342440623826,0.483177955820425,28,0.903373295770697,0.670937755090545,0.329357126754521,0.72464165698754,1.43750454585625,0.285907820462042,0.639904685853301,0.285907820462042,0.841736756451137,1.46915897495922,93,2.77211154104571,1.34291381125973,1.7853053615157,2.90596222394849,3.71591670583735,1.84526389792481,1.3640292951247,1.84526389792481,2.82462169079996,3.49500406775531,41,0.884960511961119,0.949838042838372,0.0836212486696465,0.639909162991944,1.90356714962082,0.0562430757390798,1.05000687633062,0.0562430757390798,0.707532150182858,1.85422807578683,115,0.271586952930161,0.591410383993143,-0.0330554144696178,0.059449013784175,0.359294998030721,-0.0267574616134165,0.512478291916245,-0.0267574616134165,0.0784425889942129,0.352853288946324,6,0.429457551727737,0.058829104782233,0.37563247415468,0.42599659216328,0.469791647097477,0.319659376369445,0.0425964797632356,0.319659376369445,0.359528630882023,0.378013952976247,34,0.147332778895663,0.090737102389486,0.10535983026509,0.12703824729428,0.158176345360281,0.136144596803973,0.0764145609449011,0.136144596803973,0.155896650139621,0.193852416012932
"Secondary Energy|Electricity|Biomass|w/ CCS",364,0.797712773889007,0.98407568866518,0.151096284958664,0.380438298560569,1.09591918077017,0.842499290070312,1.05089017964174,0.155818708074502,0.41024611677229,1.11665917641766,11,2.07897300526988,0.900464807524228,1.26676707750797,1.99789962721861,2.72428541980557,1.76012953491231,1.20175174497965,1.76012953491231,2.06652389409169,3.72534529865002,15,2.04341939386538,0.709354087390208,1.5753736765565,2.20721381974769,2.58645612968338,3.05556038384062,0.994987172930358,3.05556038384062,3.3097974166744,3.49589107241754,18,0.592983277787907,0.194356606484446,0.410959241475452,0.623594188548207,0.721247591296176,0.412511865833631,0.120292858668549,0.412511865833631,0.475525703235036,0.639211432186277,28,2.2271986100312,1.52663213920109,0.976272163745685,1.96443806135102,3.56206995371215,0.879698190692124,1.26827117721934,0.879698190692124,2.05177764308551,3.25325366353975,83,0.198321208677568,0.122620261104347,0.11202458773669,0.15598139888776,0.243291162973288,0.118702423477606,0.13559821639471,0.118702423477606,0.170871832996608,0.275242193746482,41,0.638413081965735,0.937365321547631,0.147905435080975,0.184124970261978,0.227498214656526,0.145550275518778,1.07945098839463,0.145550275518778,0.206620078176412,0.272716601911517,115,0.582147047284756,0.719614237997384,0.149538386195984,0.359658452347246,0.720220766618146,0.14541790059927,0.713692858920798,0.14541790059927,0.395482806456751,0.657520104970733,6,2.52399675865502,0.305494159432831,2.25482472041665,2.47782435265748,2.72987285594095,1.93565488779154,0.21038217607853,1.93565488779154,2.07617004740493,2.20435963434632,34,0.940073864994553,0.421035468764035,0.451090843367186,0.873070118602093,1.35674772662906,0.541408650915481,0.527942126566249,0.541408650915481,1.12559278266208,1.67709957455274
"Secondary Energy|Electricity|Gas|w/ CCS",365,0.412776770523549,0.564260068668651,0.0540197464800889,0.158613710109315,0.68472596747799,0.470902392225756,0.767788111671303,0.0582378367478245,0.157876814791192,0.675006811611107,11,0.769538839221738,0.232230614121312,0.634612355479948,0.668753740982264,1.06090019713762,0.857657419607754,0.238066933834694,0.857657419607754,0.984016204399188,1.05115982603276,15,0.690685647707885,0.396700586786771,0.753383175030715,0.811676913364579,0.974798407744403,0.95015897598944,0.604980350833092,0.95015897598944,1.39209097369436,1.48476751338065,18,0.804766987085235,0.0766945806643483,0.746255520531242,0.807113402890066,0.856516980974345,0.650942135931691,0.0924369214014071,0.650942135931691,0.687280812096408,0.762589403222723,28,0.950959830816827,0.572784229580942,0.465548847313563,0.958845170580475,1.39023219517655,0.397077946362902,0.724671817103653,0.397077946362902,0.8189864921919,1.47018901047779,83,0.858035370212579,0.702745513417309,0.351187689199353,0.632594275361892,0.914955563223124,0.352591380273154,1.14985286845972,0.352591380273154,0.672155776494173,1.01150179303793,41,0.171324024753396,0.229050968656614,0.0558363790571909,0.0795466646940568,0.106374811017508,0.0572252336090126,0.172379750448831,0.0572252336090126,0.0831307012097176,0.116263418459058,115,0.0374106157529093,0.240536859942708,0.00216976971300759,0.042296726837413,0.0820889644961094,0.00163834462296432,0.25424782029205,0.00163834462296432,0.0466351600078256,0.0836573086619403,6,0.702998714184586,0.0894206871085941,0.656427595820466,0.669567265727298,0.756851117572501,0.560802211599821,0.0627415597807173,0.560802211599821,0.56622283284228,0.602191381386981,34,0.0980844696584609,0.0384012586941585,0.0642378022043473,0.0823771453623214,0.12863475158675,0.0763448498635803,0.0463618480358891,0.0763448498635803,0.100289381699019,0.17427739978734
"Secondary Energy|Electricity|Coal|w/ CCS",365,0.107292333302338,0.342350735551988,-9.71590688274844e-06,0.0241212799211471,0.145852978002761,0.114353067250281,0.42449452183083,-8.01140179333599e-06,0.0226985255263296,0.149620670680057,11,0.355209082829467,0.646182642092885,-0.236153412080742,0.108371225370176,0.94388174801638,-0.364232685071537,0.684993016121982,-0.364232685071537,0.220593259384111,0.986143290235126,15,0.47288626009963,0.649102457128828,-0.168424031827847,0.826897806634021,1.13988840659881,-0.230302020508656,1.02577697222624,-0.230302020508656,1.23515300781219,1.76295395874586,18,0.284325003678924,0.130816958426475,0.236668058142824,0.307717215285262,0.390780222801449,0.202312892339536,0.115874212054565,0.202312892339536,0.254094405591685,0.310214043677975,28,0.372527141859646,0.325854635856558,0.115410178253206,0.24457427846245,0.637861452762652,0.14064139935001,0.306207498260325,0.14064139935001,0.250172088688433,0.564578359433725,83,0.063018731700653,0.112297886300607,0.0109840312243488,0.0147885760623437,0.0878032606101284,0.0111754446250567,0.20100554293737,0.0111754446250567,0.0142097465716025,0.0808018346044217,41,-0.0427753333059715,0.450823876207682,-0.0201207430177107,0.106989200862214,0.157095590335379,-0.0196709813243929,0.518410061018396,-0.0196709813243929,0.115571640233552,0.15633203537899,115,-0.0131916576172016,0.239556952244192,-0.00353823405154204,-1.94318137654969e-05,0.00394840954869522,-0.00331329694390506,0.294174409408068,-0.00331329694390506,-1.58364204571982e-05,0.00277243597905427,6,0.0700597961917815,0.0154186487723231,0.0570900021618371,0.0687893971628224,0.0780824364406713,0.046226250630982,0.0142716962864216,0.046226250630982,0.0584327781599283,0.0652674346762418,34,0.0576721453643509,0.0194693465289924,0.0437544882108859,0.0532548198015156,0.0818035107747553,0.0559554706549201,0.0300533142776705,0.0559554706549201,0.0661534679180717,0.0973410901000608
"Secondary Energy|Hydrogen|Electricity",195,0.576124654000464,0.555633582617833,0.168102191195578,0.509102951865138,0.801770606192521,0.575234152754188,0.581903304909266,0.197937344417418,0.534105333567772,0.775679526514256,0,NA,NA,NA,NA,NA,NA,NA,NA,NA,NA,3,0.0356195160174886,0.010602606265132,0.0227590070876526,0.0371974540283863,0.0466147560998083,0.0333830296298945,0.00452274863831216,0.0333830296298945,0.0396622330344516,0.0429095688378015,0,NA,NA,NA,NA,NA,NA,NA,NA,NA,NA,22,0.33623080213664,0.519901496052005,0.00500992872369898,0.0310958271397016,0.681571949267447,0.00749144790751839,0.460499388069029,0.00749144790751839,0.0372591733593104,0.735390736707649,69,0.490706248210688,0.353681824145192,0.21729259748645,0.454955409516335,0.57752689677587,0.24779429622307,0.312116590072222,0.24779429622307,0.481856032761281,0.611114328213125,1,-0.000302603988046732,NA,NA,-0.000303317072643387,NA,NA,NA,NA,-0.00020400897332965,NA,100,0.709819428124825,0.640175216932958,0.304742089782737,0.642142774674996,0.883335902061465,0.414944980008545,0.706019055286954,0.414944980008545,0.60310551371365,0.887232527108955,0,NA,NA,NA,NA,NA,NA,NA,NA,NA,NA,0,NA,NA,NA,NA,NA,NA,NA,NA,NA,NA
"Secondary Energy|Hydrogen|Fossil|w/ CCS",195,0.376319684387645,0.313107995579469,0.12046582491315,0.380688456058721,0.545765460905192,0.415027799595493,0.407939225495151,0.110413018238271,0.370588461750167,0.563752696101835,0,NA,NA,NA,NA,NA,NA,NA,NA,NA,NA,3,0.0335951807455929,0.00446010928073034,0.0299681711828467,0.0318541143109407,0.0388053152183643,0.0275861424987412,0.0137716250139644,0.0275861424987412,0.0339648327528667,0.0569198376160649,0,NA,NA,NA,NA,NA,NA,NA,NA,NA,NA,22,0.0943026854199734,0.124212901740428,0,0.0345687964439203,0.178750788937392,0,0.141020560288261,0,0.037641263765859,0.141434270155602,69,0.592340017996182,0.232111595692917,0.454673412743633,0.551314291206764,0.689894614629597,0.458672656833438,0.466526685661816,0.458672656833438,0.565283089569348,0.722653690391039,1,-6.78824784796773e-05,NA,NA,-6.80870167486315e-05,NA,NA,NA,NA,-4.57948583734951e-05,NA,100,0.303355004748565,0.301325342001301,0.109226078487973,0.308137364942276,0.453644531323058,0.0945456556406761,0.253276898087768,0.0945456556406761,0.301387284320973,0.451358103000453,0,NA,NA,NA,NA,NA,NA,NA,NA,NA,NA,0,NA,NA,NA,NA,NA,NA,NA,NA,NA,NA
"Secondary Energy|Hydrogen|Clean",195,0.952298985113631,0.637807067645936,0.508676585452756,0.993634389032878,1.26738727467668,0.990108989290213,0.678529753886958,0.648579130563669,0.996002307961844,1.28942336399497,0,NA,NA,NA,NA,NA,NA,NA,NA,NA,NA,3,0.0692036505581043,0.00741299474842347,0.0654136625403284,0.0688575649221475,0.0728205957579018,0.0720503326570607,0.010967343326741,0.0720503326570607,0.0734202073088916,0.082158886449793,0,NA,NA,NA,NA,NA,NA,NA,NA,NA,NA,22,0.430473647374875,0.485632963455211,0.0943681741568538,0.312046254668688,0.648441217934133,0.0984988661768324,0.426531713200144,0.0984988661768324,0.27400395155859,0.721104866700899,69,1.08286826317107,0.362949772594143,0.899399984836768,1.05646132106066,1.37510576435553,0.946319012099061,0.446944909302891,0.946319012099061,1.0914339079185,1.55411785729996,1,-0.000370435998643028,NA,NA,-0.000370435998643028,NA,NA,NA,NA,-0.000249152700535123,NA,100,1.01302731180431,0.740088162272032,0.487014407481319,1.01058230994224,1.27251682797158,0.735829455562402,0.76257202530685,0.735829455562402,0.930778506955065,1.21082250993187,0,NA,NA,NA,NA,NA,NA,NA,NA,NA,NA,0,NA,NA,NA,NA,NA,NA,NA,NA,NA,NA
"Emissions|CH4|Energy|Supply",255,0.956983024953092,0.394047991562023,0.659298,0.988579377907459,1.187741039325,0.955811069451792,0.291744449270473,0.817439119401516,0.913799308358711,1.07861007245238,9,0.469519666666667,0.560480038574022,0.1805505,0.200607,0.489153,0.299860120613112,0.380324535216319,0.299860120613112,0.329096262420776,0.636105367297015,3,0.86690877155,0.106164631670899,0.818517746925,0.88367797425,0.923684397525,0.914661927334126,0.113313557291843,0.914661927334126,0.942232275234996,1.02363049603946,0,NA,NA,NA,NA,NA,NA,NA,NA,NA,NA,25,1.26581289596558,0.684621245345669,0.523159732818603,1.37721633911134,1.7380323600769,0.684497203517588,0.541772915908311,0.684497203517588,1.13803437411137,1.3302569392546,73,0.826569690976456,0.266654938320598,0.752270987312041,0.846218827212886,0.997237738672178,0.81028710695925,0.196297297277903,0.81028710695925,0.880326125635345,0.954525381709297,6,0.69998918881371,0.423684891745845,0.437458894042968,0.6433219921875,0.69291850995745,0.625267667703263,0.165562089046823,0.625267667703263,0.749725755006862,0.769669233439848,105,1.02712415714286,0.271533914124198,0.9333585,1.095939,1.2175935,0.867188382227769,0.114929071807897,0.867188382227769,0.958154611458105,1.01177530325241,0,NA,NA,NA,NA,NA,NA,NA,NA,NA,NA,34,0.975629016914282,0.399102011885259,0.616722494102851,1.07618036898927,1.1025487986561,0.815062651876992,0.353670732833019,0.815062651876992,1.24745088705308,1.44404974663338
"Carbon Sequestration|CCS|Fossil|Energy|Demand|Industry",216,0.533215698034981,0.567234237740791,0.1624316217125,0.403572625,0.827189147692147,0.560141713042421,0.644229201110867,0.19102577188878,0.356358795842546,0.785036367432818,8,0.2272706625,0.0434313519856315,0.1852307625,0.244783875,0.2609231625,0.314454919703282,0.0654558908959099,0.314454919703282,0.35116280347069,0.387387051416649,3,0.1912024118,0.0366242253726594,0.170646596525,0.1792320062,0.205773024275,0.193324092476552,0.0451085449723962,0.193324092476552,0.213848494044705,0.238373465139741,0,NA,NA,NA,NA,NA,NA,NA,NA,NA,NA,25,1.67893695099295,0.757374815761997,1.12786120131445,1.54417145748904,2.19940881198864,0.918264937704114,1.02276941139756,0.918264937704114,1.62002129686537,2.34367802699022,0,NA,NA,NA,NA,NA,NA,NA,NA,NA,NA,35,0.00237560841624732,0.0451192965185741,0.000376638159155846,0.000498067677021027,0.00065397521853447,0.000368336754800554,0.0662499328801135,0.000368336754800554,0.00056223752112656,0.000738759729588184,105,0.349535220952381,0.194888783411085,0.2229681,0.3584398,0.4656106,0.222729702556873,0.180704383051334,0.222729702556873,0.323742654604502,0.407297700161231,6,0.868345736065418,0.0310352665622484,0.856879032188016,0.873556246161406,0.881968514856596,0.690765198141984,0.0413547540598923,0.690765198141984,0.71446512325008,0.753802380579409,34,0.847499281010906,0.0222589547705384,0.832380293380043,0.842231187875434,0.870870791347715,0.948076694658265,0.14957258500281,0.948076694658265,1.05666683206906,1.15865284095992
"Emissions|HFC",326,0.418573380563892,0.36116105702489,0.0919501962080944,0.342271007756594,0.68321669,0.408455071809313,0.358539966727732,0.109365508131642,0.33683627550501,0.612276939933879,9,0.193765050555556,0.316017268425436,0.000305759999999999,0.000360815000000002,0.29146247,0.000532547256153241,0.339230958199636,0.000532547256153241,0.000549378769851622,0.270471816672478,15,0.105324631841814,0.0538050154690556,0.0691018285289962,0.091578036146948,0.0918770904562225,0.097725398377962,0.0561682286863734,0.097725398377962,0.137007671317106,0.155068049106522,18,0.366792362101249,0.0767358275972409,0.311902666258974,0.370767227174738,0.426002945467994,0.301528725800853,0.025009256014216,0.301528725800853,0.315477039180084,0.340882398893582,27,0.887753188341026,0.416879335028409,0.573667833039665,0.869631629603308,1.15329921088142,0.586839085513514,0.328540825431991,0.586839085513514,0.835862106875494,0.912808484475288,83,0.235160815647571,0.222429484489969,0.0941404734409277,0.128528516392108,0.323724246131408,0.106319136600155,0.157616877294354,0.106319136600155,0.124037098856998,0.33022948837354,36,0.0870180659340671,0.154075122364811,0.00060996885299687,0.00494988498687745,0.078941575121277,0.00059364171077889,0.124409427753285,0.00059364171077889,0.00568461744269464,0.0995166120444894,103,0.731830756067961,0.19062407193474,0.68321669,0.68321669,0.69396977,0.534396259947952,0.283565360008805,0.534396259947952,0.65783990475576,0.847394015820101,0,NA,NA,NA,NA,NA,NA,NA,NA,NA,NA,34,0.132139172137819,0.138109000756059,0,0.135178026521782,0.244660986547469,0,0.148177530211266,0,0.15512763537855,0.307588070323374
"Carbon Sequestration|Direct Air Capture",148,0.248444742446041,0.300615335677395,0.000161925993712063,0.121113075,0.47902410488191,0.268790156649728,0.307561354089938,0.000142640351560742,0.14146289035141,0.537655870959149,0,NA,NA,NA,NA,NA,NA,NA,NA,NA,NA,0,NA,NA,NA,NA,NA,NA,NA,NA,NA,NA,0,NA,NA,NA,NA,NA,NA,NA,NA,NA,NA,0,NA,NA,NA,NA,NA,NA,NA,NA,NA,NA,0,NA,NA,NA,NA,NA,NA,NA,NA,NA,NA,30,0.500022606945038,0.185763987263787,0.362061639308929,0.498770411491394,0.600220654010773,0.418428324714896,0.180350601405763,0.418428324714896,0.542832491276872,0.665884552509017,74,0.108923535135135,0.245833821963411,0,0.005658925,0.0870204,0,0.215128960513333,0,0.00639391682843113,0.124348235669486,0,NA,NA,NA,NA,NA,NA,NA,NA,NA,NA,34,0.403200060990085,0.30655105664711,0.17821641517521,0.382833686455018,0.535713110468622,0.24175660124883,0.323230707622842,0.24175660124883,0.460412092743234,0.603839136959795
"Final Energy|Transportation|Electricity",376,1.00915172353881,0.951606917663488,0.316560531656977,0.726097955247095,1.37234808386934,1.0060714933543,0.910225402803808,0.373852314661081,0.69790590931148,1.46980453252821,13,1.08179795020082,0.649765286276984,0.901428653783783,1.03842279536873,1.51431034435682,0.839000056386886,0.900768426734925,0.839000056386886,1.42437849671811,2.1969768061531,15,0.497875433231926,0.516110313253637,0.215867532665101,0.260403582946846,0.618169248608008,0.335929718546799,0.460187320164314,0.335929718546799,0.388943147230546,0.746216389204687,18,0.269975551407059,0.07572782326515,0.220661996964349,0.256017112005792,0.29413549428451,0.210417697743235,0.0336261376158457,0.210417697743235,0.22814980273699,0.250255321859885,28,0.659679223269666,0.765508862827652,0.077292308508466,0.857021485777399,1.34898653671566,0.0593237640921305,0.735194162490693,0.0593237640921305,0.817621333908457,1.12381675670827,93,2.20143063619363,0.937191089347772,1.384648636871,2.36120923424167,2.87210877551642,1.70910710281575,0.796388240003663,1.70910710281575,2.20773330356602,2.73516997891804,41,0.184716744798508,0.181306731778254,0.0735498830884183,0.162559211044916,0.315413341170495,0.0966814931512592,0.174361563010983,0.0966814931512592,0.156676864089868,0.312368351319814,115,0.810954059273996,0.540452546181135,0.497550878583054,0.737294386964287,0.941058590770785,0.520051105170317,0.462213511553923,0.520051105170317,0.66642689401291,0.80351607379834,6,0.139236475616485,0.0096742554729494,0.132573892211423,0.138458438427857,0.145686286559462,0.111707501321816,0.00834399911472222,0.111707501321816,0.117272693298204,0.122396136426293,34,0.54496519289286,0.146748843423292,0.438060424628584,0.531850263044394,0.62415153228794,0.537037237218283,0.156774142753596,0.537037237218283,0.648124779457151,0.796655780592852
"Emissions|CO2|Energy|Demand|Transportation|Freight",48,0.604214652502324,0.22868813793824,0.409105833852671,0.618309959200489,0.7763174375,0.679225107707229,0.217265706097118,0.551699127919532,0.686441379529374,0.80519439161554,0,NA,NA,NA,NA,NA,NA,NA,NA,NA,NA,3,0.6813632693,0.307755133903792,0.504196245,0.5276218495,0.7816595837,0.633890007956157,0.197757783013428,0.633890007956157,0.705196868878443,0.829285744165799,0,NA,NA,NA,NA,NA,NA,NA,NA,NA,NA,0,NA,NA,NA,NA,NA,NA,NA,NA,NA,NA,0,NA,NA,NA,NA,NA,NA,NA,NA,NA,NA,0,NA,NA,NA,NA,NA,NA,NA,NA,NA,NA,11,0.864244736363636,0.133278435214507,0.781287975,0.88594815,0.962667325,0.707115524572333,0.248927048277958,0.707115524572333,0.814756900953105,1.01305913715042,0,NA,NA,NA,NA,NA,NA,NA,NA,NA,NA,34,0.513280041535634,0.178222132052601,0.390378331362038,0.483930874679616,0.658138628439292,0.504574892172875,0.177814411002339,0.504574892172875,0.618022780666555,0.767858358037428
"Final Energy|Transportation|Liquids|Bioenergy",240,0.258149583112994,0.269734604923572,0.0354653524063063,0.181318207593911,0.392393652246389,0.263338868513001,0.259570477457379,0.0350874136831227,0.229537983633428,0.416800126073591,8,0.271457735898609,0.111646441032594,0.202062474748516,0.268409092436024,0.306181868050151,0.283894144097581,0.137560828258717,0.283894144097581,0.365517766054623,0.468422346365282,0,NA,NA,NA,NA,NA,NA,NA,NA,NA,NA,0,NA,NA,NA,NA,NA,NA,NA,NA,NA,NA,7,0.0506911171939339,0.0423565887994911,0.00751074024496036,0.0326728545625074,0.0838893664576841,0.0060941691792229,0.0347324313465701,0.0060941691792229,0.0344374852709304,0.0854926594295818,69,0.121662601076558,0.193416687907263,0.015402468461932,0.0445565342280493,0.143998483423988,0.0159090544948244,0.227339102159531,0.0159090544948244,0.0428274793548117,0.143469402322334,30,0.394369573633897,0.152634455491436,0.263400959379745,0.343738673203181,0.548069139215858,0.271926262486662,0.148969165768746,0.271926262486662,0.413214185328899,0.534596433202532,82,0.282515726378292,0.228459794938,0.0682638718358588,0.315021547760042,0.413119142774988,0.0966944712457662,0.179112814937815,0.0966944712457662,0.305895521425967,0.415652454858425,0,NA,NA,NA,NA,NA,NA,NA,NA,NA,NA,34,0.167891393464197,0.188439673885636,-0.0207268282397932,0.137909720757304,0.292313132142442,-0.0295394146766297,0.198587199048368,-0.0295394146766297,0.166843999154337,0.346711297013511
"Carbon Sequestration|Land Use|Afforestation",177,0.548458457147242,0.991667353368561,0.073017091446221,0.114902947375319,0.2846695,0.513800073023094,0.849609836237769,0.0754907229413281,0.109759276881827,0.445664695306198,1,0.84726475,NA,NA,0.84726475,NA,NA,NA,NA,0.799694341564747,NA,0,NA,NA,NA,NA,NA,NA,NA,NA,NA,NA,0,NA,NA,NA,NA,NA,NA,NA,NA,NA,NA,15,1.28404343272332,1.68985319659149,-0.0965451697596263,1.29811747880657,2.0832576952285,-0.104314937653468,1.70770424705168,-0.104314937653468,1.63394169690642,1.79869605884183,57,0.0901557069731188,0.0210768949232475,0.071378351810406,0.0915189795,0.106983412354465,0.0767936237156412,0.0158646889758399,0.0767936237156412,0.0958821775577879,0.104369910959967,0,NA,NA,NA,NA,NA,NA,NA,NA,NA,NA,70,0.922430709285714,1.1990959775282,0.0140682625,0.23549825,1.8793396,0.0175915426998993,0.913242738801563,0.0175915426998993,0.297406453556775,1.71333897018392,0,NA,NA,NA,NA,NA,NA,NA,NA,NA,NA,34,0.213535462551302,0.0503803460742588,0.162966438026801,0.220470816481365,0.269976248139352,0.210515137421867,0.0676251099911998,0.210515137421867,0.263390184436953,0.317312979262035
"Food Demand|Livestock",214,0.240552516492754,0.467983865856365,0.0477786304184011,0.16278313230734,0.266376373659126,0.264971512275372,0.511641654773869,0.0471092222836922,0.206816849206363,0.294172491912204,10,0.168847510715299,0.0672234907245066,0.126783390539297,0.170995615683396,0.210925720244785,0.111985802542328,0.11408956300722,0.111985802542328,0.306835247994118,0.321834935942074,0,NA,NA,NA,NA,NA,NA,NA,NA,NA,NA,0,NA,NA,NA,NA,NA,NA,NA,NA,NA,NA,24,0.156099846883748,0.657060777354054,0,0.0176050872874105,0.0495177349577343,0,0.685491814538795,0,0.0155558213929523,0.0596626977466541,77,0.400652360024938,0.296833253305404,0.226120500513423,0.285762837735827,0.422102783752069,0.24311686885916,0.384376822261498,0.24311686885916,0.297172043765674,0.442082054322846,30,0.248230586262117,0.113068614619466,0.201681009375286,0.214956494373782,0.232445005524911,0.222551761691677,0.0695425868695684,0.222551761691677,0.233238534297764,0.250446774818992,73,0.106112572428803,0.596154022706187,0,0.0483852594940633,0.0611205519086988,0,0.627601766309941,0,0.0476234391021986,0.0572593904166579,0,NA,NA,NA,NA,NA,NA,NA,NA,NA,NA,0,NA,NA,NA,NA,NA,NA,NA,NA,NA,NA
"Carbon Sequestration|Enhanced Weathering",74,0.0393877290540541,0.237999770032471,0,0,0,0.0314251243818751,0.19343694843427,0,0,0,0,NA,NA,NA,NA,NA,NA,NA,NA,NA,NA,0,NA,NA,NA,NA,NA,NA,NA,NA,NA,NA,0,NA,NA,NA,NA,NA,NA,NA,NA,NA,NA,0,NA,NA,NA,NA,NA,NA,NA,NA,NA,NA,0,NA,NA,NA,NA,NA,NA,NA,NA,NA,NA,0,NA,NA,NA,NA,NA,NA,NA,NA,NA,NA,74,0.0393877290540541,0.237999770032471,0,0,0,0,0.19343694843427,0,0,0,0,NA,NA,NA,NA,NA,NA,NA,NA,NA,NA,0,NA,NA,NA,NA,NA,NA,NA,NA,NA,NA
